id,customer_id,order_date,amount_rm,product_family
order-0001-1,cust-0001,2025-11-09,14341.72,anchors
order-0001-2,cust-0001,2026-05-02,6896.0,firestop
order-0002-1,cust-0002,2026-02-05,14667.66,power_tools
order-0002-2,cust-0002,2025-06-27,6982.56,measuring
order-0002-3,cust-0002,2025-12-31,15033.32,anchors
order-0002-4,cust-0002,2026-04-17,9746.44,power_tools
order-0002-5,cust-0002,2025-11-05,5184.96,firestop
order-0003-1,cust-0003,2025-10-11,2434.35,anchors
order-0003-2,cust-0003,2026-05-01,9755.28,fasteners
order-0003-3,cust-0003,2025-05-21,3964.22,power_tools
order-0003-4,cust-0003,2025-12-18,5205.41,anchors
order-0003-5,cust-0003,2026-02-01,7245.69,fasteners
order-0004-1,cust-0004,2026-04-14,8998.84,measuring
order-0004-2,cust-0004,2025-11-27,9675.41,power_tools
order-0004-3,cust-0004,2025-07-22,7506.17,power_tools
order-0004-4,cust-0004,2025-10-11,7501.02,power_tools
order-0005-1,cust-0005,2025-11-20,2159.23,power_tools
order-0006-1,cust-0006,2025-07-02,1619.49,measuring
order-0006-2,cust-0006,2025-07-21,3658.3,anchors
order-0007-1,cust-0007,2025-07-09,19726.1,anchors
order-0007-2,cust-0007,2025-10-06,7192.34,measuring
order-0007-3,cust-0007,2025-11-20,15164.59,power_tools
order-0007-4,cust-0007,2025-05-20,7239.89,anchors
order-0007-5,cust-0007,2026-03-13,7508.66,power_tools
order-0008-1,cust-0008,2026-01-18,13170.81,firestop
order-0008-2,cust-0008,2025-09-03,11048.68,firestop
order-0008-3,cust-0008,2026-03-05,16254.08,power_tools
order-0008-4,cust-0008,2025-07-21,14676.38,measuring
order-0008-5,cust-0008,2026-02-14,9086.61,power_tools
order-0008-6,cust-0008,2025-05-10,14419.63,firestop
order-0009-1,cust-0009,2026-02-08,14102.12,fasteners
order-0009-2,cust-0009,2025-10-02,9281.0,power_tools
order-0009-3,cust-0009,2026-02-06,10499.99,fasteners
order-0009-4,cust-0009,2025-10-14,7713.19,power_tools
order-0009-5,cust-0009,2026-02-13,10166.69,measuring
order-0010-1,cust-0010,2025-11-05,6890.76,anchors
order-0010-2,cust-0010,2025-12-09,13900.47,anchors
order-0010-3,cust-0010,2025-09-10,12271.21,fasteners
order-0010-4,cust-0010,2025-12-19,10221.49,measuring
order-0010-5,cust-0010,2026-04-25,14885.95,power_tools
order-0010-6,cust-0010,2025-06-04,7201.44,fasteners
order-0011-1,cust-0011,2026-01-10,3350.41,firestop
order-0011-2,cust-0011,2025-07-20,2611.64,measuring
order-0011-3,cust-0011,2025-08-01,6688.08,firestop
order-0011-4,cust-0011,2025-08-20,8527.11,anchors
order-0011-5,cust-0011,2026-03-04,7813.3,measuring
order-0011-6,cust-0011,2025-12-28,6357.49,power_tools
order-0012-1,cust-0012,2025-10-21,15615.37,fasteners
order-0012-2,cust-0012,2026-03-26,10909.41,anchors
order-0012-3,cust-0012,2026-01-07,8605.05,power_tools
order-0012-4,cust-0012,2025-11-16,13712.56,anchors
order-0013-1,cust-0013,2026-01-23,13094.95,firestop
order-0013-2,cust-0013,2025-12-22,7680.2,power_tools
order-0014-1,cust-0014,2026-04-23,3850.7,fasteners
order-0014-2,cust-0014,2025-06-09,3099.32,anchors
order-0015-1,cust-0015,2025-10-26,7950.49,power_tools
order-0015-2,cust-0015,2025-10-03,2690.44,power_tools
order-0015-3,cust-0015,2025-09-12,8542.71,power_tools
order-0015-4,cust-0015,2025-08-10,6182.16,measuring
order-0015-5,cust-0015,2025-08-18,2952.56,fasteners
order-0016-1,cust-0016,2025-09-09,15010.43,fasteners
order-0016-2,cust-0016,2026-04-28,9970.24,fasteners
order-0017-1,cust-0017,2025-11-11,13000.17,measuring
order-0018-1,cust-0018,2025-06-11,4971.98,power_tools
order-0018-2,cust-0018,2026-03-10,12578.73,firestop
order-0018-3,cust-0018,2026-02-18,13150.85,firestop
order-0019-1,cust-0019,2025-10-08,9282.98,measuring
order-0019-2,cust-0019,2025-06-20,14608.05,fasteners
order-0019-3,cust-0019,2026-02-11,14688.04,power_tools
order-0019-4,cust-0019,2025-12-12,7131.75,measuring
order-0020-1,cust-0020,2025-07-23,12352.24,power_tools
order-0020-2,cust-0020,2026-02-11,5499.43,measuring
order-0020-3,cust-0020,2025-09-14,4058.83,anchors
order-0020-4,cust-0020,2026-01-28,5729.3,fasteners
order-0020-5,cust-0020,2025-05-25,10623.06,anchors
order-0021-1,cust-0021,2025-09-11,9077.35,power_tools
order-0021-2,cust-0021,2025-10-02,8795.32,anchors
order-0022-1,cust-0022,2026-01-06,5758.45,firestop
order-0022-2,cust-0022,2025-05-30,9050.24,anchors
order-0022-3,cust-0022,2025-06-07,16175.12,measuring
order-0022-4,cust-0022,2025-09-30,10567.08,measuring
order-0022-5,cust-0022,2026-04-16,16464.91,firestop
order-0022-6,cust-0022,2025-09-05,10577.06,power_tools
order-0023-1,cust-0023,2026-01-13,10576.76,measuring
order-0023-2,cust-0023,2025-08-31,7323.77,measuring
order-0023-3,cust-0023,2026-04-16,10892.62,anchors
order-0024-1,cust-0024,2026-03-30,8207.7,firestop
order-0024-2,cust-0024,2025-09-27,14641.45,anchors
order-0024-3,cust-0024,2025-11-01,11660.77,measuring
order-0024-4,cust-0024,2026-03-22,10710.37,power_tools
order-0024-5,cust-0024,2025-10-14,11783.31,firestop
order-0025-1,cust-0025,2025-08-31,14413.32,power_tools
order-0026-1,cust-0026,2025-07-10,10345.08,power_tools
order-0026-2,cust-0026,2025-10-28,8833.25,power_tools
order-0026-3,cust-0026,2025-08-16,12443.6,anchors
order-0027-1,cust-0027,2026-01-08,10949.08,firestop
order-0027-2,cust-0027,2025-11-03,13179.06,measuring
order-0027-3,cust-0027,2026-03-13,9148.6,measuring
order-0027-4,cust-0027,2025-11-11,4375.26,fasteners
order-0027-5,cust-0027,2025-09-05,6746.56,anchors
order-0027-6,cust-0027,2025-08-11,3751.96,anchors
order-0028-1,cust-0028,2025-10-13,5449.15,measuring
order-0028-2,cust-0028,2025-12-11,3798.76,measuring
order-0028-3,cust-0028,2026-02-21,8451.14,anchors
order-0028-4,cust-0028,2026-01-22,4850.0,anchors
order-0028-5,cust-0028,2026-04-12,7770.43,firestop
order-0029-1,cust-0029,2026-02-17,8518.67,firestop
order-0029-2,cust-0029,2025-08-27,6305.08,power_tools
order-0029-3,cust-0029,2025-08-14,6992.83,fasteners
order-0029-4,cust-0029,2025-05-12,10214.88,power_tools
order-0030-1,cust-0030,2026-01-15,3475.63,firestop
order-0030-2,cust-0030,2025-11-07,1783.18,power_tools
order-0030-3,cust-0030,2025-06-14,2358.71,firestop
order-0030-4,cust-0030,2026-03-05,1226.19,fasteners
order-0031-1,cust-0031,2025-06-30,12209.68,fasteners
order-0031-2,cust-0031,2025-11-09,21658.19,anchors
order-0031-3,cust-0031,2026-04-18,17171.0,fasteners
order-0032-1,cust-0032,2025-05-21,2486.94,anchors
order-0033-1,cust-0033,2026-02-15,17364.46,anchors
order-0033-2,cust-0033,2026-01-16,23267.11,measuring
order-0033-3,cust-0033,2026-02-03,13452.86,anchors
order-0033-4,cust-0033,2025-09-16,7872.25,power_tools
order-0034-1,cust-0034,2026-01-28,13974.66,measuring
order-0034-2,cust-0034,2025-10-25,18819.06,firestop
order-0034-3,cust-0034,2025-08-14,7390.3,power_tools
order-0034-4,cust-0034,2025-09-23,18997.69,anchors
order-0035-1,cust-0035,2025-11-07,10054.99,power_tools
order-0035-2,cust-0035,2026-01-29,8648.48,power_tools
order-0036-1,cust-0036,2025-10-21,16059.55,fasteners
order-0036-2,cust-0036,2025-12-16,8533.33,power_tools
order-0036-3,cust-0036,2025-09-05,16715.48,firestop
order-0036-4,cust-0036,2025-06-14,10323.09,power_tools
order-0036-5,cust-0036,2025-07-27,15722.93,firestop
order-0036-6,cust-0036,2025-05-21,8979.62,fasteners
order-0037-1,cust-0037,2026-03-20,2398.81,fasteners
order-0037-2,cust-0037,2025-08-26,1785.95,anchors
order-0037-3,cust-0037,2026-01-01,2121.99,power_tools
order-0037-4,cust-0037,2025-09-29,2313.19,measuring
order-0037-5,cust-0037,2026-03-15,1192.34,measuring
order-0038-1,cust-0038,2026-04-18,7764.56,fasteners
order-0038-2,cust-0038,2025-12-23,6645.84,power_tools
order-0038-3,cust-0038,2025-12-31,8114.14,measuring
order-0038-4,cust-0038,2025-08-23,4258.26,firestop
order-0038-5,cust-0038,2026-02-13,5334.48,power_tools
order-0038-6,cust-0038,2025-10-19,10424.58,firestop
order-0039-1,cust-0039,2025-07-16,7105.17,power_tools
order-0039-2,cust-0039,2025-10-15,3442.53,fasteners
order-0039-3,cust-0039,2025-12-30,5815.61,power_tools
order-0039-4,cust-0039,2025-12-16,10395.74,firestop
order-0039-5,cust-0039,2026-04-12,4700.4,firestop
order-0039-6,cust-0039,2025-08-30,6368.88,firestop
order-0040-1,cust-0040,2025-06-04,19268.26,measuring
order-0040-2,cust-0040,2025-12-29,13100.87,power_tools
order-0040-3,cust-0040,2025-07-13,9981.44,power_tools
order-0040-4,cust-0040,2025-07-01,13800.79,firestop
order-0040-5,cust-0040,2026-04-03,12163.26,measuring
order-0040-6,cust-0040,2025-11-21,17411.85,anchors
order-0041-1,cust-0041,2025-08-30,7011.54,fasteners
order-0041-2,cust-0041,2025-05-12,9706.99,measuring
order-0042-1,cust-0042,2025-11-27,2222.32,anchors
order-0042-2,cust-0042,2025-07-02,2136.17,firestop
order-0042-3,cust-0042,2025-08-25,1918.15,power_tools
order-0042-4,cust-0042,2025-08-30,3142.19,power_tools
order-0042-5,cust-0042,2026-04-16,3725.27,fasteners
order-0042-6,cust-0042,2025-12-04,1551.74,firestop
order-0043-1,cust-0043,2025-12-02,9691.43,power_tools
order-0043-2,cust-0043,2026-02-02,14470.51,firestop
order-0043-3,cust-0043,2025-12-08,14805.62,measuring
order-0043-4,cust-0043,2026-03-07,14051.92,firestop
order-0043-5,cust-0043,2025-07-08,17142.56,fasteners
order-0044-1,cust-0044,2025-07-22,15482.7,fasteners
order-0045-1,cust-0045,2026-04-29,7162.0,anchors
order-0046-1,cust-0046,2025-06-03,3884.41,firestop
order-0046-2,cust-0046,2025-08-22,3725.48,power_tools
order-0046-3,cust-0046,2026-04-18,3484.17,measuring
order-0046-4,cust-0046,2025-08-16,1818.62,power_tools
order-0046-5,cust-0046,2025-06-26,1315.06,measuring
order-0047-1,cust-0047,2025-05-28,11719.02,firestop
order-0047-2,cust-0047,2025-09-30,7937.22,fasteners
order-0047-3,cust-0047,2026-01-13,16225.03,power_tools
order-0048-1,cust-0048,2025-06-28,10078.04,measuring
order-0048-2,cust-0048,2026-04-09,4103.97,anchors
order-0048-3,cust-0048,2026-04-09,9304.56,fasteners
order-0049-1,cust-0049,2025-12-21,17446.01,fasteners
order-0049-2,cust-0049,2025-10-15,4531.99,fasteners
order-0049-3,cust-0049,2025-06-28,14763.69,anchors
order-0049-4,cust-0049,2025-08-23,6376.43,firestop
order-0049-5,cust-0049,2026-02-28,4809.42,anchors
order-0050-1,cust-0050,2025-10-09,5682.47,measuring
order-0050-2,cust-0050,2025-06-22,10764.62,measuring
order-0050-3,cust-0050,2025-11-29,8541.46,measuring
order-0050-4,cust-0050,2025-08-06,15854.04,firestop
order-0050-5,cust-0050,2025-11-04,11395.02,measuring
order-0051-1,cust-0051,2025-10-27,4256.46,power_tools
order-0051-2,cust-0051,2026-03-20,5841.48,power_tools
order-0052-1,cust-0052,2025-11-29,7278.49,power_tools
order-0053-1,cust-0053,2025-07-23,5056.8,anchors
order-0053-2,cust-0053,2025-11-25,2586.67,fasteners
order-0053-3,cust-0053,2025-05-11,3962.81,power_tools
order-0053-4,cust-0053,2025-05-25,7259.13,power_tools
order-0053-5,cust-0053,2025-07-27,4465.06,fasteners
order-0053-6,cust-0053,2025-06-16,4665.3,power_tools
order-0054-1,cust-0054,2025-09-02,6434.08,power_tools
order-0054-2,cust-0054,2026-03-05,6316.95,fasteners
order-0054-3,cust-0054,2026-02-20,9300.38,fasteners
order-0055-1,cust-0055,2025-06-15,10274.44,anchors
order-0055-2,cust-0055,2026-04-02,7962.53,fasteners
order-0055-3,cust-0055,2025-06-27,10234.42,power_tools
order-0056-1,cust-0056,2025-08-01,2680.9,power_tools
order-0056-2,cust-0056,2025-12-09,1153.54,anchors
order-0057-1,cust-0057,2026-04-25,5976.12,firestop
order-0057-2,cust-0057,2025-08-27,10549.58,power_tools
order-0058-1,cust-0058,2025-06-06,6528.39,power_tools
order-0058-2,cust-0058,2026-01-06,3493.25,firestop
order-0058-3,cust-0058,2025-07-22,7997.83,power_tools
order-0059-1,cust-0059,2025-06-20,1078.63,fasteners
order-0060-1,cust-0060,2025-11-30,4933.25,fasteners
order-0060-2,cust-0060,2026-04-28,5870.5,fasteners
order-0060-3,cust-0060,2025-10-16,6072.37,power_tools
order-0061-1,cust-0061,2025-06-03,8839.27,fasteners
order-0061-2,cust-0061,2025-09-17,10990.83,measuring
order-0062-1,cust-0062,2025-12-13,4992.65,fasteners
order-0062-2,cust-0062,2026-04-09,11730.16,firestop
order-0063-1,cust-0063,2025-08-22,14725.37,power_tools
order-0063-2,cust-0063,2026-04-04,19007.72,power_tools
order-0063-3,cust-0063,2025-07-22,15395.96,power_tools
order-0063-4,cust-0063,2025-08-09,8902.88,firestop
order-0063-5,cust-0063,2025-11-23,13038.98,power_tools
order-0063-6,cust-0063,2025-08-01,4983.46,measuring
order-0064-1,cust-0064,2025-11-17,8230.57,firestop
order-0064-2,cust-0064,2025-11-24,6212.46,power_tools
order-0064-3,cust-0064,2026-04-15,13787.91,fasteners
order-0064-4,cust-0064,2025-12-26,10948.66,anchors
order-0065-1,cust-0065,2025-11-24,4729.97,measuring
order-0065-2,cust-0065,2025-06-12,8827.86,anchors
order-0065-3,cust-0065,2025-09-24,16614.76,anchors
order-0065-4,cust-0065,2025-09-23,15445.76,anchors
order-0065-5,cust-0065,2025-06-09,7956.07,fasteners
order-0066-1,cust-0066,2026-03-24,6931.79,anchors
order-0067-1,cust-0067,2026-03-08,4306.63,power_tools
order-0067-2,cust-0067,2026-04-06,4873.34,measuring
order-0067-3,cust-0067,2025-07-08,5127.47,fasteners
order-0068-1,cust-0068,2025-09-20,6154.51,measuring
order-0068-2,cust-0068,2025-11-17,4142.26,fasteners
order-0068-3,cust-0068,2026-02-26,12773.6,fasteners
order-0068-4,cust-0068,2026-04-02,8922.03,firestop
order-0069-1,cust-0069,2025-08-04,8002.23,firestop
order-0069-2,cust-0069,2025-05-13,5024.91,anchors
order-0069-3,cust-0069,2025-09-27,5431.64,firestop
order-0069-4,cust-0069,2026-03-05,13720.93,firestop
order-0070-1,cust-0070,2026-03-17,15035.09,measuring
order-0070-2,cust-0070,2025-10-04,7660.75,anchors
order-0071-1,cust-0071,2025-06-01,9587.52,fasteners
order-0071-2,cust-0071,2026-01-11,14303.9,anchors
order-0072-1,cust-0072,2025-06-21,2193.48,measuring
order-0072-2,cust-0072,2026-01-05,2700.41,firestop
order-0073-1,cust-0073,2025-06-10,3103.13,firestop
order-0073-2,cust-0073,2025-10-23,2887.37,fasteners
order-0073-3,cust-0073,2026-04-28,5345.3,anchors
order-0073-4,cust-0073,2026-01-18,6099.35,power_tools
order-0073-5,cust-0073,2025-11-10,6773.91,fasteners
order-0073-6,cust-0073,2025-09-15,4450.79,anchors
order-0074-1,cust-0074,2025-05-23,12755.35,firestop
order-0074-2,cust-0074,2025-12-08,12603.56,fasteners
order-0074-3,cust-0074,2025-12-26,8271.88,firestop
order-0074-4,cust-0074,2025-12-28,10199.93,fasteners
order-0074-5,cust-0074,2025-10-17,18637.27,power_tools
order-0074-6,cust-0074,2026-04-21,9633.59,firestop
order-0075-1,cust-0075,2026-03-06,1969.25,power_tools
order-0076-1,cust-0076,2025-09-05,6940.5,fasteners
order-0076-2,cust-0076,2025-10-21,10310.08,measuring
order-0076-3,cust-0076,2026-04-05,3434.96,fasteners
order-0077-1,cust-0077,2025-08-04,7251.17,power_tools
order-0077-2,cust-0077,2025-11-02,4275.46,measuring
order-0077-3,cust-0077,2026-04-16,4575.31,anchors
order-0078-1,cust-0078,2025-07-14,3117.82,anchors
order-0079-1,cust-0079,2025-05-20,3241.24,fasteners
order-0079-2,cust-0079,2026-03-27,3767.85,power_tools
order-0080-1,cust-0080,2026-02-28,2749.75,fasteners
order-0080-2,cust-0080,2025-10-12,7034.68,firestop
order-0080-3,cust-0080,2026-01-01,10295.75,power_tools
order-0080-4,cust-0080,2026-01-03,10334.73,fasteners
order-0081-1,cust-0081,2025-08-23,10074.48,fasteners
order-0081-2,cust-0081,2026-03-19,11564.83,power_tools
order-0081-3,cust-0081,2025-11-13,3952.63,firestop
order-0081-4,cust-0081,2025-07-10,7996.62,firestop
order-0081-5,cust-0081,2025-09-24,4767.56,fasteners
order-0081-6,cust-0081,2026-02-12,9573.04,firestop
order-0082-1,cust-0082,2025-05-14,3213.47,firestop
order-0082-2,cust-0082,2026-01-06,3382.48,power_tools
order-0082-3,cust-0082,2025-06-21,1997.83,anchors
order-0083-1,cust-0083,2026-01-24,6876.44,measuring
order-0084-1,cust-0084,2026-04-10,9084.93,power_tools
order-0084-2,cust-0084,2025-07-08,8145.0,firestop
order-0084-3,cust-0084,2025-11-13,6508.91,firestop
order-0084-4,cust-0084,2025-05-19,3197.03,firestop
order-0084-5,cust-0084,2026-04-23,9680.16,anchors
order-0085-1,cust-0085,2025-11-04,8769.88,anchors
order-0085-2,cust-0085,2025-09-16,9001.08,measuring
order-0085-3,cust-0085,2025-11-22,9572.91,measuring
order-0085-4,cust-0085,2025-09-16,9021.08,measuring
order-0085-5,cust-0085,2025-09-01,5718.9,measuring
order-0085-6,cust-0085,2026-03-22,8402.74,power_tools
order-0086-1,cust-0086,2026-03-16,17090.23,fasteners
order-0086-2,cust-0086,2025-11-28,8981.84,fasteners
order-0087-1,cust-0087,2025-05-26,6153.57,fasteners
order-0087-2,cust-0087,2026-04-04,2085.45,firestop
order-0087-3,cust-0087,2026-01-15,3049.83,fasteners
order-0087-4,cust-0087,2025-07-18,5082.82,firestop
order-0087-5,cust-0087,2026-02-18,5803.03,anchors
order-0087-6,cust-0087,2026-01-07,5401.96,anchors
order-0088-1,cust-0088,2025-09-21,19915.55,firestop
order-0088-2,cust-0088,2026-04-19,17605.42,power_tools
order-0089-1,cust-0089,2025-07-10,18560.31,power_tools
order-0089-2,cust-0089,2025-08-17,9856.63,power_tools
order-0090-1,cust-0090,2025-10-06,3174.13,firestop
order-0090-2,cust-0090,2025-10-26,2669.48,anchors
order-0090-3,cust-0090,2025-12-25,4610.77,measuring
order-0090-4,cust-0090,2025-06-01,4787.84,anchors
order-0091-1,cust-0091,2026-01-13,9091.34,firestop
order-0091-2,cust-0091,2026-03-21,2543.41,anchors
order-0091-3,cust-0091,2025-10-30,8152.17,fasteners
order-0092-1,cust-0092,2026-01-23,5957.82,measuring
order-0092-2,cust-0092,2025-09-03,3541.7,power_tools
order-0092-3,cust-0092,2026-02-04,5549.36,anchors
order-0092-4,cust-0092,2026-01-03,5018.02,measuring
order-0092-5,cust-0092,2025-06-03,3613.43,measuring
order-0093-1,cust-0093,2026-03-27,7018.07,anchors
order-0093-2,cust-0093,2025-11-09,24401.92,firestop
order-0093-3,cust-0093,2025-10-25,19373.41,firestop
order-0093-4,cust-0093,2025-05-19,7467.1,anchors
order-0093-5,cust-0093,2025-05-12,24078.51,fasteners
order-0093-6,cust-0093,2026-02-12,11032.47,fasteners
order-0094-1,cust-0094,2025-08-18,3445.06,firestop
order-0094-2,cust-0094,2025-10-12,12933.59,measuring
order-0094-3,cust-0094,2026-02-17,11952.57,power_tools
order-0094-4,cust-0094,2025-10-15,6888.93,anchors
order-0094-5,cust-0094,2025-06-08,11471.73,anchors
order-0094-6,cust-0094,2025-05-10,8113.74,measuring
order-0095-1,cust-0095,2025-09-15,9834.53,firestop
order-0095-2,cust-0095,2025-08-10,7892.25,fasteners
order-0095-3,cust-0095,2026-03-24,13956.9,fasteners
order-0095-4,cust-0095,2025-05-13,5708.19,firestop
order-0095-5,cust-0095,2025-05-29,4163.17,anchors
order-0095-6,cust-0095,2025-07-20,7782.22,measuring
order-0096-1,cust-0096,2026-04-27,5337.78,anchors
order-0096-2,cust-0096,2026-03-25,14121.8,anchors
order-0096-3,cust-0096,2025-11-01,15816.91,firestop
order-0097-1,cust-0097,2025-05-31,9090.64,anchors
order-0098-1,cust-0098,2025-11-11,794.48,fasteners
order-0098-2,cust-0098,2025-08-20,645.49,measuring
order-0098-3,cust-0098,2025-10-15,926.65,power_tools
order-0098-4,cust-0098,2025-12-06,721.96,anchors
order-0098-5,cust-0098,2026-03-12,1937.96,measuring
order-0098-6,cust-0098,2026-03-21,1662.98,anchors
order-0099-1,cust-0099,2026-03-02,8715.19,power_tools
order-0099-2,cust-0099,2025-11-08,18420.23,anchors
order-0100-1,cust-0100,2026-03-04,1919.19,fasteners
order-0100-2,cust-0100,2025-07-02,5973.38,power_tools
order-0100-3,cust-0100,2026-04-13,3645.42,power_tools
order-0101-1,cust-0101,2026-03-02,3818.83,power_tools
order-0101-2,cust-0101,2025-09-11,4586.5,firestop
order-0101-3,cust-0101,2025-11-22,2314.66,anchors
order-0102-1,cust-0102,2026-01-01,10632.63,anchors
order-0102-2,cust-0102,2026-01-09,12704.83,firestop
order-0103-1,cust-0103,2026-03-28,8086.87,power_tools
order-0103-2,cust-0103,2026-02-10,6612.1,anchors
order-0103-3,cust-0103,2026-02-27,5456.08,measuring
order-0103-4,cust-0103,2025-05-15,9857.89,fasteners
order-0103-5,cust-0103,2026-04-06,3898.34,measuring
order-0104-1,cust-0104,2025-07-31,7848.65,firestop
order-0104-2,cust-0104,2025-10-22,8874.62,anchors
order-0104-3,cust-0104,2026-04-25,5887.89,fasteners
order-0104-4,cust-0104,2025-07-10,14600.06,fasteners
order-0105-1,cust-0105,2025-08-15,8265.22,measuring
order-0105-2,cust-0105,2025-11-21,12862.3,firestop
order-0105-3,cust-0105,2025-08-17,15301.48,measuring
order-0105-4,cust-0105,2025-10-20,11829.69,power_tools
order-0105-5,cust-0105,2025-08-28,11661.85,measuring
order-0105-6,cust-0105,2026-04-23,9247.01,power_tools
order-0106-1,cust-0106,2026-03-01,6183.72,measuring
order-0106-2,cust-0106,2025-07-11,7334.22,power_tools
order-0106-3,cust-0106,2026-04-12,13684.4,power_tools
order-0107-1,cust-0107,2025-10-24,17242.95,measuring
order-0107-2,cust-0107,2025-08-13,17112.99,power_tools
order-0107-3,cust-0107,2026-03-16,22976.18,anchors
order-0107-4,cust-0107,2025-10-09,7017.27,measuring
order-0107-5,cust-0107,2025-08-15,7199.8,anchors
order-0107-6,cust-0107,2025-07-06,11710.61,fasteners
order-0108-1,cust-0108,2025-07-23,10347.47,anchors
order-0108-2,cust-0108,2026-02-23,13640.9,firestop
order-0108-3,cust-0108,2025-11-10,14774.55,firestop
order-0108-4,cust-0108,2025-09-25,17171.9,anchors
order-0109-1,cust-0109,2025-07-12,5131.01,anchors
order-0109-2,cust-0109,2026-03-05,6528.76,power_tools
order-0110-1,cust-0110,2025-07-15,7014.52,firestop
order-0110-2,cust-0110,2025-05-16,4558.97,anchors
order-0110-3,cust-0110,2026-04-14,17670.58,measuring
order-0110-4,cust-0110,2026-02-05,14650.01,anchors
order-0110-5,cust-0110,2026-03-06,13681.48,fasteners
order-0110-6,cust-0110,2025-05-17,6662.75,measuring
order-0111-1,cust-0111,2026-01-13,7000.68,power_tools
order-0111-2,cust-0111,2025-09-14,10348.29,power_tools
order-0111-3,cust-0111,2025-09-27,20221.9,firestop
order-0111-4,cust-0111,2025-10-31,9474.21,fasteners
order-0111-5,cust-0111,2025-11-19,5585.71,firestop
order-0112-1,cust-0112,2025-11-15,1826.69,measuring
order-0112-2,cust-0112,2025-12-15,1220.24,fasteners
order-0112-3,cust-0112,2026-03-04,1291.03,power_tools
order-0112-4,cust-0112,2025-11-26,1861.16,fasteners
order-0112-5,cust-0112,2025-08-16,1815.51,anchors
order-0113-1,cust-0113,2025-07-26,11445.67,fasteners
order-0114-1,cust-0114,2025-06-15,9066.92,firestop
order-0114-2,cust-0114,2025-07-08,9843.17,firestop
order-0114-3,cust-0114,2025-12-15,3808.82,power_tools
order-0114-4,cust-0114,2025-12-13,5329.57,fasteners
order-0114-5,cust-0114,2025-09-14,8323.19,anchors
order-0115-1,cust-0115,2025-12-10,10567.71,power_tools
order-0116-1,cust-0116,2026-01-16,11976.33,measuring
order-0116-2,cust-0116,2025-09-14,15894.35,measuring
order-0116-3,cust-0116,2026-03-04,8869.54,measuring
order-0116-4,cust-0116,2025-05-18,12082.0,fasteners
order-0116-5,cust-0116,2025-09-13,11704.91,anchors
order-0116-6,cust-0116,2026-05-02,20868.61,measuring
order-0117-1,cust-0117,2026-03-06,8439.39,fasteners
order-0117-2,cust-0117,2025-08-10,4214.25,fasteners
order-0117-3,cust-0117,2025-12-11,5834.39,power_tools
order-0118-1,cust-0118,2025-08-06,5129.55,fasteners
order-0119-1,cust-0119,2025-09-09,7984.59,power_tools
order-0119-2,cust-0119,2025-11-07,11766.62,measuring
order-0119-3,cust-0119,2026-04-17,7107.61,fasteners
order-0119-4,cust-0119,2025-08-18,11498.9,anchors
order-0120-1,cust-0120,2025-10-25,5594.85,measuring
order-0120-2,cust-0120,2026-03-07,12473.36,measuring
order-0121-1,cust-0121,2026-02-01,1982.18,anchors
order-0121-2,cust-0121,2026-02-02,2106.77,firestop
order-0121-3,cust-0121,2026-04-19,930.11,power_tools
order-0121-4,cust-0121,2026-04-20,1097.95,firestop
order-0121-5,cust-0121,2025-11-01,1843.8,fasteners
order-0122-1,cust-0122,2025-07-14,4909.97,anchors
order-0122-2,cust-0122,2026-04-29,18876.79,power_tools
order-0122-3,cust-0122,2026-01-28,15982.56,firestop
order-0122-4,cust-0122,2026-04-26,19564.48,measuring
order-0123-1,cust-0123,2026-04-20,5455.51,fasteners
order-0123-2,cust-0123,2026-01-07,13602.92,power_tools
order-0123-3,cust-0123,2025-12-31,9099.35,anchors
order-0123-4,cust-0123,2026-01-06,5752.52,power_tools
order-0123-5,cust-0123,2026-01-10,7777.27,measuring
order-0123-6,cust-0123,2025-06-09,12166.48,measuring
order-0124-1,cust-0124,2025-09-21,4261.0,measuring
order-0124-2,cust-0124,2025-08-31,4653.33,fasteners
order-0124-3,cust-0124,2025-09-18,5559.27,fasteners
order-0124-4,cust-0124,2025-05-22,7653.12,power_tools
order-0124-5,cust-0124,2026-02-07,4356.26,fasteners
order-0124-6,cust-0124,2026-03-21,5642.63,firestop
order-0125-1,cust-0125,2025-07-30,7681.53,fasteners
order-0125-2,cust-0125,2026-04-23,10738.26,power_tools
order-0125-3,cust-0125,2025-11-25,9828.87,measuring
order-0126-1,cust-0126,2025-12-06,10923.59,anchors
order-0126-2,cust-0126,2025-08-08,13104.8,power_tools
order-0127-1,cust-0127,2025-08-06,6608.6,anchors
order-0127-2,cust-0127,2026-04-07,5289.88,firestop
order-0127-3,cust-0127,2025-11-02,7323.0,anchors
order-0127-4,cust-0127,2025-06-28,5677.46,anchors
order-0128-1,cust-0128,2025-10-10,4631.68,fasteners
order-0128-2,cust-0128,2026-03-18,3872.35,anchors
order-0129-1,cust-0129,2025-11-27,7558.0,measuring
order-0130-1,cust-0130,2025-06-12,3121.0,power_tools
order-0130-2,cust-0130,2025-11-15,8594.46,anchors
order-0130-3,cust-0130,2025-06-26,11159.42,firestop
order-0130-4,cust-0130,2026-03-23,5271.96,fasteners
order-0130-5,cust-0130,2025-10-01,4536.61,anchors
order-0131-1,cust-0131,2025-09-19,11493.61,firestop
order-0131-2,cust-0131,2026-02-07,10247.09,power_tools
order-0131-3,cust-0131,2026-04-11,4926.44,power_tools
order-0131-4,cust-0131,2026-02-01,5600.17,power_tools
order-0131-5,cust-0131,2026-01-15,11407.46,measuring
order-0131-6,cust-0131,2026-02-04,9702.77,firestop
order-0132-1,cust-0132,2025-12-08,6677.01,power_tools
order-0133-1,cust-0133,2026-03-26,11098.36,anchors
order-0133-2,cust-0133,2026-05-03,15122.6,power_tools
order-0133-3,cust-0133,2025-06-16,18266.81,anchors
order-0134-1,cust-0134,2025-05-24,11420.5,fasteners
order-0134-2,cust-0134,2025-07-08,12014.53,measuring
order-0134-3,cust-0134,2025-08-30,12952.72,power_tools
order-0135-1,cust-0135,2026-03-22,15844.41,firestop
order-0135-2,cust-0135,2025-06-18,18695.76,power_tools
order-0135-3,cust-0135,2026-04-11,5942.54,power_tools
order-0135-4,cust-0135,2025-08-30,8278.1,fasteners
order-0135-5,cust-0135,2025-12-31,9178.31,fasteners
order-0135-6,cust-0135,2025-07-17,19476.41,fasteners
order-0136-1,cust-0136,2026-02-06,16821.19,measuring
order-0136-2,cust-0136,2025-12-13,8991.49,anchors
order-0137-1,cust-0137,2026-02-14,4646.39,power_tools
order-0137-2,cust-0137,2026-02-14,4533.27,anchors
order-0138-1,cust-0138,2026-03-15,9101.47,fasteners
order-0138-2,cust-0138,2025-11-20,3245.86,fasteners
order-0138-3,cust-0138,2025-09-06,7756.85,measuring
order-0138-4,cust-0138,2025-08-21,6409.1,anchors
order-0138-5,cust-0138,2026-03-22,7438.95,anchors
order-0138-6,cust-0138,2025-05-11,6977.32,firestop
order-0139-1,cust-0139,2025-11-07,2140.28,firestop
order-0139-2,cust-0139,2025-09-06,2786.7,power_tools
order-0140-1,cust-0140,2026-03-19,3059.97,power_tools
order-0140-2,cust-0140,2026-01-04,5422.49,fasteners
order-0140-3,cust-0140,2025-05-14,5102.24,firestop
order-0140-4,cust-0140,2026-02-01,5351.46,fasteners
order-0141-1,cust-0141,2025-08-09,12754.64,measuring
order-0141-2,cust-0141,2025-12-24,5358.54,firestop
order-0141-3,cust-0141,2025-05-19,4482.9,power_tools
order-0141-4,cust-0141,2025-12-01,16513.47,anchors
order-0141-5,cust-0141,2025-06-09,16298.89,power_tools
order-0141-6,cust-0141,2026-05-03,6752.11,fasteners
order-0142-1,cust-0142,2025-10-11,15470.08,power_tools
order-0142-2,cust-0142,2025-08-29,7040.45,anchors
order-0142-3,cust-0142,2025-10-15,8581.54,firestop
order-0142-4,cust-0142,2025-11-06,13915.96,anchors
order-0142-5,cust-0142,2025-12-09,12919.73,measuring
order-0142-6,cust-0142,2025-10-28,7457.54,anchors
order-0143-1,cust-0143,2025-05-20,12902.3,measuring
order-0143-2,cust-0143,2025-12-29,3699.64,fasteners
order-0143-3,cust-0143,2026-03-11,6378.21,power_tools
order-0143-4,cust-0143,2025-11-21,7570.78,power_tools
order-0144-1,cust-0144,2025-08-29,7506.48,firestop
order-0144-2,cust-0144,2025-11-06,5965.35,measuring
order-0144-3,cust-0144,2025-05-19,5667.67,power_tools
order-0144-4,cust-0144,2025-08-23,3978.27,measuring
order-0144-5,cust-0144,2025-06-01,2392.53,fasteners
order-0144-6,cust-0144,2026-01-23,7437.38,power_tools
order-0145-1,cust-0145,2025-07-15,6848.98,anchors
order-0145-2,cust-0145,2025-10-12,3502.46,measuring
order-0145-3,cust-0145,2025-08-08,6765.38,fasteners
order-0145-4,cust-0145,2026-02-20,12275.83,power_tools
order-0145-5,cust-0145,2026-03-05,8077.36,firestop
order-0146-1,cust-0146,2025-11-25,3755.17,fasteners
order-0147-1,cust-0147,2025-09-30,16975.17,firestop
order-0148-1,cust-0148,2025-12-26,4044.49,measuring
order-0149-1,cust-0149,2025-08-31,19118.73,anchors
order-0149-2,cust-0149,2025-08-29,11606.72,firestop
order-0149-3,cust-0149,2026-03-28,11519.43,fasteners
order-0149-4,cust-0149,2026-05-01,17927.19,fasteners
order-0149-5,cust-0149,2025-11-21,15185.01,firestop
order-0149-6,cust-0149,2025-05-23,7110.13,fasteners
order-0150-1,cust-0150,2026-03-18,2931.71,measuring
order-0150-2,cust-0150,2026-01-18,10254.23,fasteners
order-0150-3,cust-0150,2025-11-07,7995.11,power_tools
order-0150-4,cust-0150,2026-03-11,2840.84,fasteners
order-0151-1,cust-0151,2025-08-22,18704.81,fasteners
order-0151-2,cust-0151,2025-06-23,20453.03,fasteners
order-0151-3,cust-0151,2025-08-12,22419.2,firestop
order-0152-1,cust-0152,2025-08-03,843.17,power_tools
order-0153-1,cust-0153,2026-01-18,3731.34,measuring
order-0153-2,cust-0153,2025-08-12,1306.39,anchors
order-0153-3,cust-0153,2026-03-08,3561.85,firestop
order-0153-4,cust-0153,2025-12-04,1559.4,anchors
order-0153-5,cust-0153,2026-01-28,2528.73,power_tools
order-0153-6,cust-0153,2025-10-18,2834.95,firestop
order-0154-1,cust-0154,2025-08-27,7801.82,measuring
order-0154-2,cust-0154,2025-07-01,3497.4,anchors
order-0155-1,cust-0155,2025-05-18,6683.99,measuring
order-0155-2,cust-0155,2026-01-03,5243.89,measuring
order-0155-3,cust-0155,2025-10-20,4716.43,measuring
order-0156-1,cust-0156,2025-06-06,11781.42,power_tools
order-0156-2,cust-0156,2025-07-30,12629.1,power_tools
order-0156-3,cust-0156,2025-07-22,4331.06,fasteners
order-0156-4,cust-0156,2025-12-19,12789.71,power_tools
order-0157-1,cust-0157,2026-01-03,5496.88,measuring
order-0157-2,cust-0157,2025-12-02,5605.71,power_tools
order-0157-3,cust-0157,2025-09-28,4376.52,anchors
order-0157-4,cust-0157,2026-01-16,5921.12,fasteners
order-0158-1,cust-0158,2025-05-14,18908.45,firestop
order-0158-2,cust-0158,2026-04-13,5594.34,anchors
order-0159-1,cust-0159,2026-03-12,4213.87,firestop
order-0159-2,cust-0159,2025-09-18,10972.47,anchors
order-0159-3,cust-0159,2026-02-13,6621.96,measuring
order-0159-4,cust-0159,2025-05-24,5994.03,fasteners
order-0160-1,cust-0160,2025-06-24,3021.39,anchors
order-0160-2,cust-0160,2025-12-07,3879.45,anchors
order-0161-1,cust-0161,2026-04-20,4449.71,fasteners
order-0161-2,cust-0161,2025-09-09,13160.79,fasteners
order-0162-1,cust-0162,2025-06-24,11722.21,fasteners
order-0162-2,cust-0162,2025-05-27,17040.32,measuring
order-0162-3,cust-0162,2025-11-20,4834.08,measuring
order-0162-4,cust-0162,2025-08-17,13432.7,fasteners
order-0162-5,cust-0162,2026-04-10,10021.63,power_tools
order-0162-6,cust-0162,2025-10-29,5944.5,firestop
order-0163-1,cust-0163,2025-06-25,4853.12,anchors
order-0163-2,cust-0163,2026-01-02,4828.44,firestop
order-0163-3,cust-0163,2025-12-27,5570.72,power_tools
order-0163-4,cust-0163,2025-10-13,9017.82,firestop
order-0164-1,cust-0164,2026-01-08,8281.45,anchors
order-0164-2,cust-0164,2025-11-04,12043.82,measuring
order-0164-3,cust-0164,2026-03-01,13322.35,fasteners
order-0164-4,cust-0164,2026-04-05,12294.72,anchors
order-0164-5,cust-0164,2025-05-15,9568.59,measuring
order-0165-1,cust-0165,2025-07-24,3119.5,measuring
order-0165-2,cust-0165,2026-04-06,3856.89,anchors
order-0165-3,cust-0165,2026-04-05,1924.78,anchors
order-0165-4,cust-0165,2025-10-25,4029.57,firestop
order-0165-5,cust-0165,2025-07-04,3750.86,anchors
order-0165-6,cust-0165,2025-08-09,965.08,measuring
order-0166-1,cust-0166,2026-03-09,8752.54,fasteners
order-0166-2,cust-0166,2025-05-10,14641.27,power_tools
order-0166-3,cust-0166,2025-12-06,10005.67,power_tools
order-0166-4,cust-0166,2025-10-24,7704.1,firestop
order-0166-5,cust-0166,2025-11-01,17426.17,firestop
order-0167-1,cust-0167,2025-12-20,8683.8,firestop
order-0167-2,cust-0167,2026-04-04,11310.74,anchors
order-0167-3,cust-0167,2026-03-23,9879.39,measuring
order-0167-4,cust-0167,2026-03-10,11312.97,power_tools
order-0168-1,cust-0168,2025-10-15,3173.99,power_tools
order-0168-2,cust-0168,2025-10-10,3449.23,anchors
order-0168-3,cust-0168,2025-09-30,2742.02,anchors
order-0168-4,cust-0168,2026-03-30,3454.58,anchors
order-0168-5,cust-0168,2026-02-10,2992.59,fasteners
order-0169-1,cust-0169,2025-10-28,2129.95,firestop
order-0170-1,cust-0170,2026-04-08,1488.51,anchors
order-0170-2,cust-0170,2025-05-10,1608.16,anchors
order-0171-1,cust-0171,2025-09-30,6200.61,power_tools
order-0171-2,cust-0171,2025-07-07,11037.53,firestop
order-0172-1,cust-0172,2026-01-23,14557.67,firestop
order-0172-2,cust-0172,2025-09-01,12310.59,firestop
order-0172-3,cust-0172,2025-12-12,7973.97,firestop
order-0173-1,cust-0173,2025-06-09,4024.21,anchors
order-0173-2,cust-0173,2025-10-14,7934.95,anchors
order-0174-1,cust-0174,2026-04-04,15672.62,firestop
order-0174-2,cust-0174,2025-10-08,5874.03,fasteners
order-0174-3,cust-0174,2025-06-07,9864.77,firestop
order-0174-4,cust-0174,2025-09-26,11445.19,fasteners
order-0174-5,cust-0174,2025-09-01,17709.49,power_tools
order-0175-1,cust-0175,2026-01-03,13671.36,fasteners
order-0175-2,cust-0175,2026-03-02,4993.94,measuring
order-0175-3,cust-0175,2025-10-08,13252.04,measuring
order-0176-1,cust-0176,2026-04-19,8478.54,power_tools
order-0176-2,cust-0176,2026-03-20,10242.63,measuring
order-0176-3,cust-0176,2026-02-04,6848.94,power_tools
order-0176-4,cust-0176,2025-10-04,5157.68,anchors
order-0176-5,cust-0176,2025-12-02,5183.7,power_tools
order-0177-1,cust-0177,2025-09-26,9559.2,fasteners
order-0177-2,cust-0177,2026-03-26,4407.83,measuring
order-0178-1,cust-0178,2025-05-25,3497.56,measuring
order-0178-2,cust-0178,2026-03-20,1087.87,power_tools
order-0178-3,cust-0178,2025-09-25,2784.98,firestop
order-0178-4,cust-0178,2025-07-14,2201.19,power_tools
order-0178-5,cust-0178,2025-09-14,2258.69,firestop
order-0178-6,cust-0178,2026-03-10,2979.17,firestop
order-0179-1,cust-0179,2025-09-18,19992.86,firestop
order-0180-1,cust-0180,2026-03-01,7387.0,fasteners
order-0180-2,cust-0180,2025-12-13,12451.15,measuring
order-0181-1,cust-0181,2025-07-06,2661.38,firestop
order-0181-2,cust-0181,2025-11-12,3404.48,firestop
order-0181-3,cust-0181,2025-12-10,2458.71,fasteners
order-0181-4,cust-0181,2026-02-06,4579.03,fasteners
order-0181-5,cust-0181,2026-03-26,1923.85,measuring
order-0181-6,cust-0181,2025-06-27,2412.79,firestop
order-0182-1,cust-0182,2025-11-08,17271.98,anchors
order-0182-2,cust-0182,2025-08-26,7177.69,fasteners
order-0182-3,cust-0182,2025-11-04,8237.7,anchors
order-0183-1,cust-0183,2025-08-06,13777.33,measuring
order-0183-2,cust-0183,2025-12-16,13898.92,measuring
order-0184-1,cust-0184,2025-11-18,2726.83,anchors
order-0185-1,cust-0185,2025-05-11,3133.39,anchors
order-0185-2,cust-0185,2025-08-02,5911.14,anchors
order-0185-3,cust-0185,2025-07-07,2840.53,power_tools
order-0185-4,cust-0185,2026-04-03,3135.04,fasteners
order-0186-1,cust-0186,2026-02-22,18404.49,firestop
order-0186-2,cust-0186,2026-02-05,19344.52,measuring
order-0187-1,cust-0187,2026-04-02,5361.48,anchors
order-0187-2,cust-0187,2026-02-13,6681.95,firestop
order-0187-3,cust-0187,2025-08-19,7101.71,fasteners
order-0187-4,cust-0187,2025-05-31,7555.0,firestop
order-0187-5,cust-0187,2025-11-19,3635.8,measuring
order-0187-6,cust-0187,2025-06-12,2835.78,measuring
order-0188-1,cust-0188,2025-10-19,7357.27,anchors
order-0188-2,cust-0188,2026-01-26,5630.07,measuring
order-0188-3,cust-0188,2025-11-24,13385.01,firestop
order-0189-1,cust-0189,2025-05-16,19783.5,firestop
order-0190-1,cust-0190,2025-07-27,1736.97,anchors
order-0190-2,cust-0190,2025-12-02,1432.79,measuring
order-0190-3,cust-0190,2026-01-02,2504.1,measuring
order-0190-4,cust-0190,2025-12-14,1641.03,fasteners
order-0191-1,cust-0191,2025-07-22,7622.25,anchors
order-0191-2,cust-0191,2025-09-19,9703.99,measuring
order-0191-3,cust-0191,2026-01-26,10272.0,anchors
order-0192-1,cust-0192,2025-11-10,21417.84,firestop
order-0192-2,cust-0192,2025-08-18,16411.98,fasteners
order-0193-1,cust-0193,2026-04-30,8554.46,measuring
order-0193-2,cust-0193,2025-05-28,7419.15,fasteners
order-0193-3,cust-0193,2025-10-12,15528.04,anchors
order-0193-4,cust-0193,2025-08-03,8791.19,anchors
order-0193-5,cust-0193,2025-07-08,4160.95,power_tools
order-0193-6,cust-0193,2026-04-28,8053.73,power_tools
order-0194-1,cust-0194,2026-01-05,16814.9,firestop
order-0194-2,cust-0194,2025-10-17,15090.14,firestop
order-0194-3,cust-0194,2026-01-02,13039.09,power_tools
order-0194-4,cust-0194,2025-07-27,17503.76,power_tools
order-0194-5,cust-0194,2025-11-06,11740.7,power_tools
order-0194-6,cust-0194,2025-08-19,19054.87,firestop
order-0195-1,cust-0195,2025-06-12,15241.45,measuring
order-0195-2,cust-0195,2026-03-11,17050.6,firestop
order-0196-1,cust-0196,2025-11-22,8919.93,anchors
order-0196-2,cust-0196,2026-05-01,12654.18,fasteners
order-0197-1,cust-0197,2026-01-14,5450.64,fasteners
order-0197-2,cust-0197,2025-08-05,3176.98,measuring
order-0197-3,cust-0197,2026-04-28,10057.39,anchors
order-0198-1,cust-0198,2026-02-14,3492.0,power_tools
order-0198-2,cust-0198,2025-10-31,7059.33,power_tools
order-0199-1,cust-0199,2025-12-01,2716.68,firestop
order-0199-2,cust-0199,2025-11-04,2831.4,fasteners
order-0199-3,cust-0199,2025-06-27,2523.91,anchors
order-0199-4,cust-0199,2025-05-14,1058.14,firestop
order-0199-5,cust-0199,2025-10-26,3482.97,power_tools
order-0200-1,cust-0200,2025-08-24,4883.02,fasteners
order-0200-2,cust-0200,2025-09-15,11970.27,firestop
order-0201-1,cust-0201,2025-09-22,2394.52,anchors
order-0201-2,cust-0201,2026-03-31,2229.25,power_tools
order-0201-3,cust-0201,2025-12-02,2266.6,fasteners
order-0202-1,cust-0202,2026-03-10,10314.0,fasteners
order-0202-2,cust-0202,2025-06-18,5420.79,anchors
order-0202-3,cust-0202,2025-09-16,8483.19,firestop
order-0202-4,cust-0202,2025-08-01,10038.97,fasteners
order-0202-5,cust-0202,2025-08-25,4940.46,power_tools
order-0202-6,cust-0202,2026-04-04,13521.37,power_tools
order-0203-1,cust-0203,2025-11-19,4214.29,measuring
order-0203-2,cust-0203,2025-05-11,5407.33,anchors
order-0204-1,cust-0204,2026-01-23,12559.71,fasteners
order-0204-2,cust-0204,2026-04-08,17041.79,power_tools
order-0204-3,cust-0204,2025-07-16,4989.29,measuring
order-0204-4,cust-0204,2025-05-19,19292.17,firestop
order-0205-1,cust-0205,2025-12-28,11937.33,firestop
order-0205-2,cust-0205,2025-12-11,12905.01,measuring
order-0205-3,cust-0205,2026-01-27,23490.28,measuring
order-0205-4,cust-0205,2025-05-16,21133.86,anchors
order-0205-5,cust-0205,2026-01-05,19441.51,anchors
order-0205-6,cust-0205,2026-04-20,19274.76,anchors
order-0206-1,cust-0206,2026-04-07,13476.04,fasteners
order-0206-2,cust-0206,2025-06-25,3907.73,fasteners
order-0206-3,cust-0206,2025-07-08,7169.99,fasteners
order-0206-4,cust-0206,2025-10-08,11985.19,firestop
order-0206-5,cust-0206,2026-03-24,7564.89,firestop
order-0207-1,cust-0207,2025-09-01,6577.99,fasteners
order-0207-2,cust-0207,2025-10-21,3747.67,firestop
order-0207-3,cust-0207,2026-01-06,1961.07,power_tools
order-0207-4,cust-0207,2025-06-29,4696.24,fasteners
order-0207-5,cust-0207,2026-01-15,6819.02,firestop
order-0208-1,cust-0208,2025-06-14,3156.64,measuring
order-0208-2,cust-0208,2025-10-08,2198.16,power_tools
order-0208-3,cust-0208,2025-06-12,4517.24,fasteners
order-0208-4,cust-0208,2026-03-27,2695.71,power_tools
order-0209-1,cust-0209,2025-07-27,3306.63,fasteners
order-0209-2,cust-0209,2025-11-07,7420.58,anchors
order-0210-1,cust-0210,2025-07-13,3458.44,anchors
order-0211-1,cust-0211,2026-04-11,3906.66,firestop
order-0211-2,cust-0211,2025-12-24,2761.68,measuring
order-0211-3,cust-0211,2025-09-10,3488.36,power_tools
order-0211-4,cust-0211,2026-03-20,2742.87,firestop
order-0211-5,cust-0211,2026-03-15,4277.2,anchors
order-0211-6,cust-0211,2026-04-16,3083.46,power_tools
order-0212-1,cust-0212,2025-08-04,14079.23,fasteners
order-0213-1,cust-0213,2025-10-11,16667.69,anchors
order-0214-1,cust-0214,2025-08-06,1316.62,firestop
order-0214-2,cust-0214,2026-05-03,3523.28,anchors
order-0214-3,cust-0214,2025-10-14,2233.28,firestop
order-0215-1,cust-0215,2025-07-29,13354.43,anchors
order-0216-1,cust-0216,2025-06-10,4811.54,anchors
order-0216-2,cust-0216,2025-06-19,9542.52,firestop
order-0217-1,cust-0217,2026-05-01,3297.93,firestop
order-0217-2,cust-0217,2026-03-17,5066.72,anchors
order-0217-3,cust-0217,2026-04-01,8288.65,anchors
order-0217-4,cust-0217,2026-01-14,7686.4,firestop
order-0217-5,cust-0217,2026-04-27,5179.15,fasteners
order-0217-6,cust-0217,2025-10-03,4051.65,power_tools
order-0218-1,cust-0218,2025-07-30,16395.05,firestop
order-0218-2,cust-0218,2025-11-22,24041.39,power_tools
order-0218-3,cust-0218,2026-03-07,23983.57,firestop
order-0218-4,cust-0218,2026-02-11,15920.19,power_tools
order-0218-5,cust-0218,2025-06-19,21199.36,power_tools
order-0218-6,cust-0218,2025-09-13,15650.02,power_tools
order-0219-1,cust-0219,2026-04-03,11607.96,fasteners
order-0219-2,cust-0219,2025-07-23,10759.2,anchors
order-0219-3,cust-0219,2026-04-14,16381.04,anchors
order-0220-1,cust-0220,2025-11-27,9791.63,measuring
order-0220-2,cust-0220,2026-04-16,3923.11,firestop
order-0220-3,cust-0220,2025-05-21,8795.91,firestop
order-0221-1,cust-0221,2025-11-15,5556.96,firestop
order-0221-2,cust-0221,2025-07-06,16894.21,power_tools
order-0221-3,cust-0221,2025-08-09,12448.57,measuring
order-0221-4,cust-0221,2026-04-03,12085.24,measuring
order-0221-5,cust-0221,2025-11-04,9154.94,measuring
order-0221-6,cust-0221,2025-06-19,12134.17,measuring
order-0222-1,cust-0222,2026-02-09,7359.51,fasteners
order-0222-2,cust-0222,2025-10-26,4556.72,fasteners
order-0222-3,cust-0222,2026-02-21,5099.89,fasteners
order-0222-4,cust-0222,2025-08-12,2647.95,measuring
order-0222-5,cust-0222,2025-10-01,6366.63,fasteners
order-0223-1,cust-0223,2025-12-25,10772.85,power_tools
order-0223-2,cust-0223,2025-05-13,7710.44,fasteners
order-0223-3,cust-0223,2025-08-15,12883.35,firestop
order-0223-4,cust-0223,2025-11-08,18487.26,anchors
order-0224-1,cust-0224,2025-06-25,4787.28,power_tools
order-0224-2,cust-0224,2025-07-21,5007.07,firestop
order-0225-1,cust-0225,2025-07-30,10804.29,firestop
order-0226-1,cust-0226,2025-09-21,12293.77,measuring
order-0226-2,cust-0226,2025-12-31,5605.93,fasteners
order-0226-3,cust-0226,2025-10-02,12183.88,power_tools
order-0226-4,cust-0226,2026-03-06,3585.31,power_tools
order-0226-5,cust-0226,2026-01-02,12432.62,fasteners
order-0226-6,cust-0226,2025-06-24,14561.23,fasteners
order-0227-1,cust-0227,2025-08-06,5552.04,fasteners
order-0227-2,cust-0227,2025-11-27,13385.17,fasteners
order-0227-3,cust-0227,2026-03-04,3530.62,firestop
order-0227-4,cust-0227,2025-11-16,7731.63,firestop
order-0227-5,cust-0227,2025-10-09,7145.85,anchors
order-0227-6,cust-0227,2026-04-27,6100.82,fasteners
order-0228-1,cust-0228,2026-01-19,3606.47,anchors
order-0228-2,cust-0228,2025-11-28,2940.96,anchors
order-0228-3,cust-0228,2026-01-29,8382.66,fasteners
order-0228-4,cust-0228,2025-11-21,6446.78,fasteners
order-0228-5,cust-0228,2025-05-22,10650.63,anchors
order-0229-1,cust-0229,2025-07-26,6452.44,firestop
order-0230-1,cust-0230,2025-07-12,12599.84,measuring
order-0230-2,cust-0230,2025-10-31,10831.99,firestop
order-0230-3,cust-0230,2025-09-12,11046.07,power_tools
order-0231-1,cust-0231,2025-10-31,1488.12,fasteners
order-0231-2,cust-0231,2026-04-13,1649.3,anchors
order-0231-3,cust-0231,2025-12-23,3585.96,anchors
order-0231-4,cust-0231,2025-12-21,1124.29,fasteners
order-0232-1,cust-0232,2026-01-26,6876.74,firestop
order-0232-2,cust-0232,2025-06-11,13679.7,fasteners
order-0233-1,cust-0233,2025-11-24,4616.67,anchors
order-0233-2,cust-0233,2025-07-09,9233.56,firestop
order-0233-3,cust-0233,2025-10-17,12571.85,measuring
order-0233-4,cust-0233,2025-08-02,11431.64,anchors
order-0234-1,cust-0234,2025-05-12,3621.59,power_tools
order-0234-2,cust-0234,2025-10-25,7953.61,measuring
order-0234-3,cust-0234,2025-07-28,3828.59,fasteners
order-0235-1,cust-0235,2026-03-07,3117.27,firestop
order-0235-2,cust-0235,2025-06-03,6656.76,measuring
order-0235-3,cust-0235,2025-11-27,3545.92,power_tools
order-0235-4,cust-0235,2026-03-17,10041.07,power_tools
order-0236-1,cust-0236,2025-11-25,4269.26,fasteners
order-0236-2,cust-0236,2025-12-05,2466.65,firestop
order-0237-1,cust-0237,2025-11-20,5695.19,firestop
order-0237-2,cust-0237,2026-04-05,9575.4,fasteners
order-0238-1,cust-0238,2025-10-31,4143.33,power_tools
order-0238-2,cust-0238,2026-01-01,4609.67,power_tools
order-0239-1,cust-0239,2025-10-19,20052.13,power_tools
order-0239-2,cust-0239,2026-01-17,14918.0,measuring
order-0239-3,cust-0239,2025-07-06,6987.96,firestop
order-0239-4,cust-0239,2025-07-28,9409.71,anchors
order-0240-1,cust-0240,2025-05-15,8022.83,power_tools
order-0240-2,cust-0240,2025-12-13,10348.01,anchors
order-0241-1,cust-0241,2025-12-05,13723.12,fasteners
order-0241-2,cust-0241,2026-01-28,8008.4,power_tools
order-0241-3,cust-0241,2026-01-02,14752.78,fasteners
order-0241-4,cust-0241,2025-05-24,11583.85,fasteners
order-0241-5,cust-0241,2026-02-09,14941.47,measuring
order-0241-6,cust-0241,2025-10-28,7000.23,measuring
order-0242-1,cust-0242,2026-04-04,4718.53,measuring
order-0242-2,cust-0242,2026-01-01,4159.76,anchors
order-0242-3,cust-0242,2025-09-19,1948.51,power_tools
order-0242-4,cust-0242,2026-03-06,3577.63,anchors
order-0242-5,cust-0242,2025-08-20,4050.04,power_tools
order-0243-1,cust-0243,2025-10-31,10708.69,fasteners
order-0243-2,cust-0243,2026-01-05,11222.67,measuring
order-0243-3,cust-0243,2025-06-07,8151.63,measuring
order-0244-1,cust-0244,2025-12-20,5113.85,power_tools
order-0244-2,cust-0244,2025-12-04,6393.57,anchors
order-0245-1,cust-0245,2026-04-07,3841.24,power_tools
order-0245-2,cust-0245,2025-06-17,4662.02,fasteners
order-0245-3,cust-0245,2025-09-12,5965.57,firestop
order-0245-4,cust-0245,2025-06-10,6296.44,firestop
order-0245-5,cust-0245,2025-07-07,4559.52,measuring
order-0245-6,cust-0245,2025-09-10,6706.41,firestop
order-0246-1,cust-0246,2025-07-20,6566.43,power_tools
order-0247-1,cust-0247,2025-09-29,4373.53,anchors
order-0247-2,cust-0247,2025-11-22,3667.43,power_tools
order-0247-3,cust-0247,2025-05-28,3057.06,power_tools
order-0247-4,cust-0247,2025-07-13,1451.48,measuring
order-0247-5,cust-0247,2025-12-31,2130.4,fasteners
order-0248-1,cust-0248,2026-03-12,5823.62,anchors
order-0248-2,cust-0248,2025-10-04,5961.74,firestop
order-0248-3,cust-0248,2025-10-06,3034.24,fasteners
order-0248-4,cust-0248,2025-08-20,5608.01,measuring
order-0248-5,cust-0248,2026-04-29,4998.87,fasteners
order-0248-6,cust-0248,2026-03-21,3821.55,power_tools
order-0249-1,cust-0249,2025-08-07,12163.13,power_tools
order-0249-2,cust-0249,2025-06-14,16365.02,measuring
order-0249-3,cust-0249,2026-01-09,13539.29,measuring
order-0249-4,cust-0249,2026-04-30,10733.96,fasteners
order-0249-5,cust-0249,2025-07-31,9548.01,anchors
order-0250-1,cust-0250,2026-03-30,4447.29,measuring
order-0250-2,cust-0250,2025-09-13,4609.73,anchors
order-0250-3,cust-0250,2026-04-01,2477.18,anchors
order-0250-4,cust-0250,2025-10-17,6541.91,fasteners
order-0251-1,cust-0251,2025-09-16,12554.06,measuring
order-0251-2,cust-0251,2026-04-21,6056.99,power_tools
order-0251-3,cust-0251,2026-02-24,8083.97,fasteners
order-0251-4,cust-0251,2026-03-10,12989.55,measuring
order-0252-1,cust-0252,2025-10-04,3535.06,anchors
order-0252-2,cust-0252,2025-09-24,2421.57,fasteners
order-0252-3,cust-0252,2025-11-25,2921.46,fasteners
order-0252-4,cust-0252,2025-06-13,2238.48,measuring
order-0252-5,cust-0252,2026-04-09,2216.02,measuring
order-0252-6,cust-0252,2025-07-04,1654.13,power_tools
order-0253-1,cust-0253,2025-10-03,15261.06,power_tools
order-0253-2,cust-0253,2025-07-21,12504.2,anchors
order-0253-3,cust-0253,2026-03-25,9930.62,power_tools
order-0254-1,cust-0254,2026-04-03,4962.64,power_tools
order-0254-2,cust-0254,2025-10-26,7746.83,power_tools
order-0254-3,cust-0254,2025-10-18,5475.36,measuring
order-0254-4,cust-0254,2025-09-25,9874.03,measuring
order-0254-5,cust-0254,2025-10-02,8436.15,measuring
order-0255-1,cust-0255,2025-09-22,3170.86,power_tools
order-0255-2,cust-0255,2026-05-01,2232.57,anchors
order-0256-1,cust-0256,2025-12-10,8437.68,measuring
order-0256-2,cust-0256,2026-01-13,11241.33,anchors
order-0257-1,cust-0257,2025-08-25,15520.97,measuring
order-0258-1,cust-0258,2025-06-21,6615.77,fasteners
order-0258-2,cust-0258,2026-03-24,14228.19,anchors
order-0258-3,cust-0258,2025-11-26,17651.58,firestop
order-0258-4,cust-0258,2026-02-14,18376.16,fasteners
order-0259-1,cust-0259,2026-04-29,5233.62,power_tools
order-0259-2,cust-0259,2025-09-12,2753.01,fasteners
order-0259-3,cust-0259,2025-07-04,4671.26,firestop
order-0260-1,cust-0260,2025-06-22,7403.53,power_tools
order-0260-2,cust-0260,2025-11-10,12592.45,anchors
order-0260-3,cust-0260,2025-08-09,10478.85,firestop
order-0261-1,cust-0261,2025-06-01,6812.19,anchors
order-0261-2,cust-0261,2025-09-29,3935.36,firestop
order-0261-3,cust-0261,2026-02-17,7681.2,power_tools
order-0261-4,cust-0261,2025-10-26,3123.54,measuring
order-0261-5,cust-0261,2025-10-22,3854.32,power_tools
order-0261-6,cust-0261,2025-05-28,8290.45,anchors
order-0262-1,cust-0262,2026-02-19,8817.42,fasteners
order-0262-2,cust-0262,2026-01-18,3035.15,anchors
order-0262-3,cust-0262,2025-05-23,8032.86,fasteners
order-0263-1,cust-0263,2025-05-24,19046.34,power_tools
order-0263-2,cust-0263,2025-12-28,6603.54,measuring
order-0263-3,cust-0263,2026-03-03,14049.11,firestop
order-0263-4,cust-0263,2026-03-29,17535.96,measuring
order-0263-5,cust-0263,2025-12-20,10541.43,measuring
order-0264-1,cust-0264,2026-04-28,7699.5,firestop
order-0264-2,cust-0264,2025-08-15,14435.2,power_tools
order-0265-1,cust-0265,2025-11-24,3152.52,anchors
order-0265-2,cust-0265,2025-10-14,2736.46,fasteners
order-0265-3,cust-0265,2025-12-09,1332.39,anchors
order-0266-1,cust-0266,2025-11-18,6157.55,anchors
order-0266-2,cust-0266,2025-07-12,3312.53,anchors
order-0266-3,cust-0266,2025-12-27,4949.97,measuring
order-0266-4,cust-0266,2026-05-02,7894.22,measuring
order-0266-5,cust-0266,2025-10-30,2708.97,power_tools
order-0267-1,cust-0267,2025-09-25,7349.66,firestop
order-0267-2,cust-0267,2025-09-21,12768.67,firestop
order-0267-3,cust-0267,2025-11-06,4355.59,fasteners
order-0267-4,cust-0267,2025-06-09,6181.85,anchors
order-0267-5,cust-0267,2026-02-24,7252.32,anchors
order-0268-1,cust-0268,2025-10-30,4150.35,power_tools
order-0268-2,cust-0268,2025-12-02,6577.85,fasteners
order-0268-3,cust-0268,2025-09-27,3584.53,fasteners
order-0268-4,cust-0268,2025-07-07,2081.21,anchors
order-0268-5,cust-0268,2026-01-21,2954.35,power_tools
order-0269-1,cust-0269,2026-04-08,4246.46,firestop
order-0269-2,cust-0269,2025-10-06,2634.62,fasteners
order-0269-3,cust-0269,2025-10-28,2786.13,firestop
order-0269-4,cust-0269,2026-01-15,2516.95,power_tools
order-0269-5,cust-0269,2026-04-22,2175.2,firestop
order-0269-6,cust-0269,2026-03-10,3659.95,anchors
order-0270-1,cust-0270,2026-03-10,2974.24,power_tools
order-0270-2,cust-0270,2026-01-30,5375.86,anchors
order-0270-3,cust-0270,2025-09-17,2478.66,fasteners
order-0270-4,cust-0270,2025-10-04,3621.84,firestop
order-0271-1,cust-0271,2025-11-18,1990.99,power_tools
order-0271-2,cust-0271,2025-11-19,1019.04,fasteners
order-0271-3,cust-0271,2025-10-23,771.85,anchors
order-0271-4,cust-0271,2025-08-02,1638.39,fasteners
order-0271-5,cust-0271,2026-04-03,2743.08,anchors
order-0271-6,cust-0271,2025-11-05,2985.57,firestop
order-0272-1,cust-0272,2025-05-29,5403.26,anchors
order-0272-2,cust-0272,2025-12-05,11236.47,fasteners
order-0273-1,cust-0273,2025-11-03,20817.93,firestop
order-0273-2,cust-0273,2025-09-28,7092.58,measuring
order-0274-1,cust-0274,2025-05-11,8000.82,measuring
order-0274-2,cust-0274,2025-12-01,8517.24,anchors
order-0274-3,cust-0274,2025-07-06,10133.54,anchors
order-0274-4,cust-0274,2025-12-16,10204.74,firestop
order-0274-5,cust-0274,2026-01-29,5165.98,firestop
order-0275-1,cust-0275,2026-02-19,3245.9,fasteners
order-0275-2,cust-0275,2025-09-27,3318.22,measuring
order-0275-3,cust-0275,2025-08-12,6479.76,anchors
order-0275-4,cust-0275,2026-04-02,5810.74,anchors
order-0275-5,cust-0275,2026-03-23,5658.29,firestop
order-0275-6,cust-0275,2025-05-24,1803.25,fasteners
order-0276-1,cust-0276,2025-11-24,15902.5,firestop
order-0276-2,cust-0276,2025-10-25,5643.92,fasteners
order-0276-3,cust-0276,2026-04-16,11300.97,anchors
order-0276-4,cust-0276,2025-10-17,11036.65,fasteners
order-0276-5,cust-0276,2025-11-28,7282.61,anchors
order-0276-6,cust-0276,2025-07-03,11594.66,measuring
order-0277-1,cust-0277,2026-02-03,8567.74,firestop
order-0277-2,cust-0277,2026-03-21,4758.06,fasteners
order-0277-3,cust-0277,2025-08-13,5576.34,firestop
order-0277-4,cust-0277,2025-11-03,8622.52,firestop
order-0278-1,cust-0278,2025-08-26,16340.2,firestop
order-0278-2,cust-0278,2026-02-20,18549.42,anchors
order-0278-3,cust-0278,2026-01-04,16082.35,firestop
order-0278-4,cust-0278,2026-03-07,15994.45,power_tools
order-0278-5,cust-0278,2025-11-09,22260.2,measuring
order-0278-6,cust-0278,2026-02-23,9079.77,power_tools
order-0279-1,cust-0279,2026-02-11,12566.9,fasteners
order-0279-2,cust-0279,2025-08-27,14609.5,power_tools
order-0279-3,cust-0279,2026-01-28,17217.54,firestop
order-0279-4,cust-0279,2025-09-29,6014.11,fasteners
order-0279-5,cust-0279,2025-10-01,17507.95,measuring
order-0279-6,cust-0279,2025-06-10,15252.79,anchors
order-0280-1,cust-0280,2025-11-03,2081.74,power_tools
order-0280-2,cust-0280,2025-06-03,8397.49,power_tools
order-0280-3,cust-0280,2025-11-18,7279.6,fasteners
order-0280-4,cust-0280,2026-01-19,7168.48,power_tools
order-0280-5,cust-0280,2025-09-19,5473.97,power_tools
order-0281-1,cust-0281,2026-05-02,17790.57,anchors
order-0282-1,cust-0282,2026-01-11,3688.29,power_tools
order-0282-2,cust-0282,2026-02-19,6492.82,measuring
order-0283-1,cust-0283,2025-11-24,1421.33,power_tools
order-0283-2,cust-0283,2025-11-22,2969.79,fasteners
order-0283-3,cust-0283,2026-04-20,4235.3,anchors
order-0283-4,cust-0283,2025-07-05,2278.29,anchors
order-0283-5,cust-0283,2025-11-08,1193.08,power_tools
order-0283-6,cust-0283,2025-12-09,3873.78,measuring
order-0284-1,cust-0284,2026-04-30,8970.93,anchors
order-0284-2,cust-0284,2025-09-21,8324.55,firestop
order-0284-3,cust-0284,2025-11-12,7784.96,measuring
order-0284-4,cust-0284,2026-02-05,12088.83,firestop
order-0284-5,cust-0284,2025-12-21,6665.09,anchors
order-0284-6,cust-0284,2025-12-19,12079.13,measuring
order-0285-1,cust-0285,2026-05-01,1549.12,fasteners
order-0286-1,cust-0286,2026-01-18,9457.35,measuring
order-0287-1,cust-0287,2025-10-24,4846.48,fasteners
order-0287-2,cust-0287,2026-04-29,10266.52,measuring
order-0288-1,cust-0288,2026-02-22,9853.7,firestop
order-0288-2,cust-0288,2025-09-05,17814.96,power_tools
order-0288-3,cust-0288,2025-11-16,11539.23,fasteners
order-0288-4,cust-0288,2025-09-18,18601.79,firestop
order-0289-1,cust-0289,2025-08-21,6540.61,fasteners
order-0289-2,cust-0289,2025-09-13,3647.53,firestop
order-0289-3,cust-0289,2025-08-22,3091.58,firestop
order-0289-4,cust-0289,2025-12-02,3734.09,fasteners
order-0290-1,cust-0290,2025-08-18,7467.74,anchors
order-0290-2,cust-0290,2025-10-08,12826.21,firestop
order-0290-3,cust-0290,2026-04-14,12467.36,firestop
order-0291-1,cust-0291,2025-08-21,12222.8,power_tools
order-0291-2,cust-0291,2025-09-27,11348.27,measuring
order-0291-3,cust-0291,2025-11-01,6708.74,power_tools
order-0291-4,cust-0291,2025-06-28,3741.47,power_tools
order-0291-5,cust-0291,2025-11-11,12165.23,measuring
order-0291-6,cust-0291,2025-06-03,11658.81,power_tools
order-0292-1,cust-0292,2025-07-11,4822.97,fasteners
order-0292-2,cust-0292,2025-11-29,6017.44,power_tools
order-0292-3,cust-0292,2026-01-05,3115.77,power_tools
order-0292-4,cust-0292,2025-10-17,7041.68,firestop
order-0293-1,cust-0293,2025-06-08,3376.09,measuring
order-0294-1,cust-0294,2025-12-30,5721.13,power_tools
order-0294-2,cust-0294,2025-07-08,1889.2,power_tools
order-0294-3,cust-0294,2025-11-15,4155.94,firestop
order-0294-4,cust-0294,2025-10-10,1847.83,firestop
order-0295-1,cust-0295,2025-10-29,8287.95,power_tools
order-0295-2,cust-0295,2025-08-13,3992.32,anchors
order-0295-3,cust-0295,2026-03-08,12165.68,anchors
order-0295-4,cust-0295,2025-10-24,13296.54,firestop
order-0296-1,cust-0296,2025-10-01,10229.69,firestop
order-0296-2,cust-0296,2026-04-21,14645.55,firestop
order-0296-3,cust-0296,2025-08-11,20418.85,measuring
order-0296-4,cust-0296,2026-03-08,22201.17,anchors
order-0296-5,cust-0296,2025-11-20,11029.86,fasteners
order-0296-6,cust-0296,2025-09-21,13902.78,fasteners
order-0297-1,cust-0297,2026-02-22,8458.5,firestop
order-0297-2,cust-0297,2025-06-14,19698.88,measuring
order-0297-3,cust-0297,2026-01-23,17934.31,power_tools
order-0297-4,cust-0297,2025-09-11,8792.88,power_tools
order-0297-5,cust-0297,2025-09-04,12705.27,measuring
order-0298-1,cust-0298,2026-01-13,1242.48,fasteners
order-0298-2,cust-0298,2025-07-19,3677.22,anchors
order-0298-3,cust-0298,2025-11-26,3485.88,anchors
order-0299-1,cust-0299,2025-06-16,1613.11,firestop
order-0299-2,cust-0299,2026-01-11,1696.77,power_tools
order-0299-3,cust-0299,2025-09-09,2500.95,firestop
order-0299-4,cust-0299,2025-07-27,2853.66,anchors
order-0299-5,cust-0299,2025-07-15,4316.56,firestop
order-0300-1,cust-0300,2025-09-04,3630.32,measuring
order-0300-2,cust-0300,2025-09-19,2060.46,anchors
order-0301-1,cust-0301,2025-11-01,10703.78,anchors
order-0301-2,cust-0301,2025-05-19,18302.52,fasteners
order-0301-3,cust-0301,2025-07-31,5052.96,firestop
order-0301-4,cust-0301,2025-08-07,13578.52,anchors
order-0302-1,cust-0302,2025-11-10,11460.22,power_tools
order-0302-2,cust-0302,2026-01-07,11605.87,firestop
order-0302-3,cust-0302,2026-01-28,9958.8,measuring
order-0303-1,cust-0303,2025-05-10,11124.9,measuring
order-0304-1,cust-0304,2025-12-06,2424.51,power_tools
order-0304-2,cust-0304,2026-02-11,1679.34,fasteners
order-0304-3,cust-0304,2025-09-11,1733.35,firestop
order-0305-1,cust-0305,2025-11-02,7641.68,power_tools
order-0306-1,cust-0306,2025-07-25,10236.65,power_tools
order-0306-2,cust-0306,2025-07-03,6205.69,fasteners
order-0306-3,cust-0306,2025-11-18,15368.01,power_tools
order-0307-1,cust-0307,2025-05-14,3095.49,fasteners
order-0307-2,cust-0307,2026-04-04,8307.31,measuring
order-0307-3,cust-0307,2025-05-20,8888.28,fasteners
order-0307-4,cust-0307,2025-09-15,6878.44,firestop
order-0307-5,cust-0307,2026-02-21,2745.3,firestop
order-0307-6,cust-0307,2026-03-10,6676.12,firestop
order-0308-1,cust-0308,2025-08-02,5675.11,power_tools
order-0309-1,cust-0309,2026-02-11,15715.54,firestop
order-0309-2,cust-0309,2025-10-22,9151.6,measuring
order-0309-3,cust-0309,2025-09-28,14458.63,power_tools
order-0309-4,cust-0309,2025-10-22,4718.59,firestop
order-0309-5,cust-0309,2025-11-19,8436.07,firestop
order-0309-6,cust-0309,2025-07-29,4221.62,measuring
order-0310-1,cust-0310,2025-12-01,6905.08,fasteners
order-0310-2,cust-0310,2026-02-19,4285.24,anchors
order-0310-3,cust-0310,2025-10-14,5130.12,power_tools
order-0310-4,cust-0310,2025-07-16,7405.17,fasteners
order-0310-5,cust-0310,2026-02-16,7318.47,fasteners
order-0310-6,cust-0310,2025-05-22,7345.2,anchors
order-0311-1,cust-0311,2026-03-15,10272.33,fasteners
order-0311-2,cust-0311,2025-06-22,9720.98,firestop
order-0312-1,cust-0312,2026-03-10,7257.22,anchors
order-0313-1,cust-0313,2026-03-16,17812.95,anchors
order-0314-1,cust-0314,2025-10-01,2384.67,measuring
order-0314-2,cust-0314,2025-06-09,3209.12,firestop
order-0314-3,cust-0314,2026-05-02,1749.88,measuring
order-0314-4,cust-0314,2025-08-25,2715.04,measuring
order-0314-5,cust-0314,2025-09-30,876.85,power_tools
order-0315-1,cust-0315,2025-06-01,16007.36,anchors
order-0315-2,cust-0315,2025-09-27,5859.77,firestop
order-0315-3,cust-0315,2025-11-28,20977.39,power_tools
order-0315-4,cust-0315,2025-08-31,13777.87,firestop
order-0315-5,cust-0315,2025-07-05,6078.21,firestop
order-0316-1,cust-0316,2026-01-12,5786.2,measuring
order-0316-2,cust-0316,2026-03-23,2844.64,power_tools
order-0316-3,cust-0316,2026-02-12,2672.88,fasteners
order-0316-4,cust-0316,2025-08-06,3465.76,power_tools
order-0316-5,cust-0316,2025-06-17,5753.78,measuring
order-0316-6,cust-0316,2026-01-13,2806.71,power_tools
order-0317-1,cust-0317,2026-02-19,4327.88,firestop
order-0317-2,cust-0317,2026-04-14,9118.87,power_tools
order-0317-3,cust-0317,2026-04-30,6918.72,firestop
order-0317-4,cust-0317,2025-06-16,7559.09,fasteners
order-0317-5,cust-0317,2025-12-15,3629.85,anchors
order-0318-1,cust-0318,2025-11-09,4345.68,anchors
order-0318-2,cust-0318,2025-11-27,12653.66,measuring
order-0318-3,cust-0318,2026-03-08,8210.03,fasteners
order-0319-1,cust-0319,2026-04-23,5334.46,anchors
order-0319-2,cust-0319,2025-12-04,6700.53,fasteners
order-0319-3,cust-0319,2025-07-15,4044.4,anchors
order-0319-4,cust-0319,2025-05-23,8303.9,fasteners
order-0320-1,cust-0320,2026-03-22,25807.58,firestop
order-0321-1,cust-0321,2025-11-04,9709.15,measuring
order-0321-2,cust-0321,2026-04-30,10029.32,measuring
order-0321-3,cust-0321,2025-11-07,13128.63,firestop
order-0321-4,cust-0321,2025-07-15,13890.3,power_tools
order-0321-5,cust-0321,2025-09-19,9566.29,power_tools
order-0322-1,cust-0322,2026-02-05,5222.19,fasteners
order-0323-1,cust-0323,2026-02-09,3344.8,firestop
order-0323-2,cust-0323,2025-10-06,6292.42,anchors
order-0323-3,cust-0323,2026-01-28,2474.28,firestop
order-0323-4,cust-0323,2025-12-08,1792.46,firestop
order-0323-5,cust-0323,2025-12-05,2152.86,measuring
order-0324-1,cust-0324,2025-06-16,4634.36,fasteners
order-0324-2,cust-0324,2025-12-06,5094.62,fasteners
order-0325-1,cust-0325,2025-07-19,3982.41,anchors
order-0326-1,cust-0326,2025-08-06,13259.83,firestop
order-0326-2,cust-0326,2025-06-12,14140.53,anchors
order-0326-3,cust-0326,2026-01-01,10016.24,firestop
order-0326-4,cust-0326,2025-07-21,4778.65,measuring
order-0327-1,cust-0327,2025-05-30,5361.49,fasteners
order-0328-1,cust-0328,2026-03-27,4938.95,power_tools
order-0328-2,cust-0328,2025-09-18,7314.2,firestop
order-0329-1,cust-0329,2025-06-30,5838.66,anchors
order-0330-1,cust-0330,2025-11-28,10464.84,anchors
order-0330-2,cust-0330,2025-07-05,6757.76,fasteners
order-0330-3,cust-0330,2025-11-16,3003.38,power_tools
order-0330-4,cust-0330,2026-04-11,8612.62,power_tools
order-0330-5,cust-0330,2025-07-23,5458.83,measuring
order-0330-6,cust-0330,2026-02-26,5917.36,power_tools
order-0331-1,cust-0331,2025-09-23,2996.64,anchors
order-0331-2,cust-0331,2025-06-06,9873.16,power_tools
order-0332-1,cust-0332,2025-10-25,2600.11,fasteners
order-0332-2,cust-0332,2026-03-03,3656.04,fasteners
order-0332-3,cust-0332,2025-08-12,4693.87,power_tools
order-0333-1,cust-0333,2025-05-23,4397.05,firestop
order-0333-2,cust-0333,2025-07-29,6505.73,anchors
order-0333-3,cust-0333,2026-04-23,8193.96,fasteners
order-0333-4,cust-0333,2025-12-31,9618.38,anchors
order-0334-1,cust-0334,2025-05-25,2672.87,measuring
order-0335-1,cust-0335,2025-12-26,10664.34,fasteners
order-0335-2,cust-0335,2025-11-08,10396.19,fasteners
order-0336-1,cust-0336,2026-01-15,4578.86,anchors
order-0336-2,cust-0336,2026-01-31,5085.56,measuring
order-0336-3,cust-0336,2025-06-11,2524.3,anchors
order-0336-4,cust-0336,2026-01-09,7457.57,anchors
order-0336-5,cust-0336,2026-01-16,7541.86,power_tools
order-0336-6,cust-0336,2026-02-28,4199.84,power_tools
order-0337-1,cust-0337,2025-07-02,1782.2,anchors
order-0338-1,cust-0338,2025-05-21,6552.04,anchors
order-0338-2,cust-0338,2026-03-04,10254.12,power_tools
order-0338-3,cust-0338,2025-05-11,11921.06,firestop
order-0338-4,cust-0338,2025-08-29,4890.25,firestop
order-0338-5,cust-0338,2025-06-15,3636.83,fasteners
order-0339-1,cust-0339,2025-08-08,4577.68,anchors
order-0339-2,cust-0339,2026-03-09,3726.08,measuring
order-0339-3,cust-0339,2026-01-13,4877.91,power_tools
order-0339-4,cust-0339,2025-09-06,1804.82,firestop
order-0339-5,cust-0339,2026-03-20,4009.59,power_tools
order-0340-1,cust-0340,2025-11-28,1337.04,measuring
order-0340-2,cust-0340,2026-02-01,1032.36,power_tools
order-0340-3,cust-0340,2025-07-02,2540.56,firestop
order-0340-4,cust-0340,2025-05-29,3238.03,fasteners
order-0340-5,cust-0340,2025-06-03,1672.74,anchors
order-0341-1,cust-0341,2026-02-22,14514.97,measuring
order-0341-2,cust-0341,2025-09-05,9615.29,power_tools
order-0341-3,cust-0341,2025-08-12,3960.98,fasteners
order-0341-4,cust-0341,2026-01-07,11562.4,firestop
order-0342-1,cust-0342,2025-06-06,16757.44,anchors
order-0342-2,cust-0342,2026-03-25,12055.04,fasteners
order-0342-3,cust-0342,2025-06-11,9202.34,measuring
order-0343-1,cust-0343,2025-07-21,2706.3,anchors
order-0343-2,cust-0343,2026-01-30,5827.49,anchors
order-0343-3,cust-0343,2026-03-10,8653.99,anchors
order-0343-4,cust-0343,2026-03-27,9586.3,power_tools
order-0343-5,cust-0343,2025-07-30,6977.55,fasteners
order-0343-6,cust-0343,2025-07-14,2312.14,power_tools
order-0344-1,cust-0344,2025-06-14,4373.07,power_tools
order-0344-2,cust-0344,2026-02-26,7787.26,anchors
order-0344-3,cust-0344,2025-11-08,3366.34,fasteners
order-0344-4,cust-0344,2025-09-20,10921.49,power_tools
order-0344-5,cust-0344,2026-01-26,4721.02,measuring
order-0345-1,cust-0345,2025-12-07,5155.03,fasteners
order-0345-2,cust-0345,2025-07-22,5881.37,firestop
order-0346-1,cust-0346,2025-08-18,12243.12,fasteners
order-0346-2,cust-0346,2025-05-18,7126.23,power_tools
order-0346-3,cust-0346,2025-09-08,12923.6,measuring
order-0346-4,cust-0346,2026-01-06,16207.88,measuring
order-0346-5,cust-0346,2025-11-25,5253.49,firestop
order-0347-1,cust-0347,2026-02-26,10769.79,anchors
order-0347-2,cust-0347,2025-05-21,6049.94,anchors
order-0347-3,cust-0347,2025-05-16,14911.25,measuring
order-0347-4,cust-0347,2026-01-03,14577.88,measuring
order-0347-5,cust-0347,2026-04-21,13758.23,anchors
order-0348-1,cust-0348,2025-11-27,2771.42,power_tools
order-0348-2,cust-0348,2025-08-27,2602.47,fasteners
order-0348-3,cust-0348,2025-07-21,1910.5,power_tools
order-0348-4,cust-0348,2025-10-15,4057.49,power_tools
order-0348-5,cust-0348,2025-10-09,2230.06,measuring
order-0348-6,cust-0348,2026-02-08,1974.04,measuring
order-0349-1,cust-0349,2025-10-28,3594.96,fasteners
order-0349-2,cust-0349,2026-04-21,4320.63,measuring
order-0349-3,cust-0349,2025-12-31,3128.96,fasteners
order-0349-4,cust-0349,2025-06-19,4920.09,anchors
order-0350-1,cust-0350,2026-03-04,11824.75,fasteners
order-0350-2,cust-0350,2025-07-04,5890.21,measuring
order-0351-1,cust-0351,2025-05-21,5565.26,measuring
order-0351-2,cust-0351,2026-03-10,5207.83,measuring
order-0351-3,cust-0351,2026-01-22,4598.49,fasteners
order-0351-4,cust-0351,2025-07-05,4307.31,anchors
order-0351-5,cust-0351,2025-05-13,3051.76,fasteners
order-0352-1,cust-0352,2025-10-31,9461.72,power_tools
order-0352-2,cust-0352,2026-02-13,18246.58,power_tools
order-0352-3,cust-0352,2025-07-01,7225.27,firestop
order-0353-1,cust-0353,2026-01-26,4688.7,fasteners
order-0353-2,cust-0353,2025-06-25,18655.0,firestop
order-0353-3,cust-0353,2026-04-26,16244.53,anchors
order-0354-1,cust-0354,2026-05-03,10412.24,firestop
order-0354-2,cust-0354,2025-10-28,8383.63,firestop
order-0354-3,cust-0354,2025-12-25,8788.21,measuring
order-0355-1,cust-0355,2025-06-07,4062.92,firestop
order-0355-2,cust-0355,2025-05-28,5177.71,fasteners
order-0355-3,cust-0355,2025-08-02,3553.17,anchors
order-0355-4,cust-0355,2025-12-28,7888.36,anchors
order-0356-1,cust-0356,2026-02-20,2900.84,measuring
order-0356-2,cust-0356,2025-06-02,3308.1,measuring
order-0356-3,cust-0356,2026-03-05,9602.51,power_tools
order-0357-1,cust-0357,2025-06-11,8602.41,fasteners
order-0357-2,cust-0357,2026-03-12,4392.38,power_tools
order-0357-3,cust-0357,2025-07-20,2495.18,anchors
order-0358-1,cust-0358,2026-04-03,3060.36,firestop
order-0358-2,cust-0358,2025-12-01,5993.86,anchors
order-0358-3,cust-0358,2026-01-15,3505.0,measuring
order-0358-4,cust-0358,2025-09-26,6293.95,fasteners
order-0358-5,cust-0358,2025-12-22,5031.89,measuring
order-0359-1,cust-0359,2025-05-28,14732.36,fasteners
order-0359-2,cust-0359,2025-08-17,13487.78,fasteners
order-0359-3,cust-0359,2025-10-19,3541.99,firestop
order-0359-4,cust-0359,2025-06-07,14466.4,measuring
order-0359-5,cust-0359,2026-01-29,5360.61,measuring
order-0359-6,cust-0359,2025-05-26,10581.35,firestop
order-0360-1,cust-0360,2025-11-08,1495.14,measuring
order-0360-2,cust-0360,2025-06-05,2927.24,measuring
order-0361-1,cust-0361,2025-08-27,19381.5,measuring
order-0361-2,cust-0361,2025-07-03,13017.85,measuring
order-0362-1,cust-0362,2026-02-24,5572.02,firestop
order-0362-2,cust-0362,2025-08-19,2460.76,firestop
order-0363-1,cust-0363,2025-07-10,7230.37,measuring
order-0363-2,cust-0363,2025-11-17,3191.74,fasteners
order-0363-3,cust-0363,2025-10-03,2902.24,anchors
order-0363-4,cust-0363,2025-05-11,12051.63,firestop
order-0363-5,cust-0363,2026-04-25,6170.24,power_tools
order-0363-6,cust-0363,2025-10-22,6166.05,firestop
order-0364-1,cust-0364,2025-06-21,9653.31,fasteners
order-0364-2,cust-0364,2026-02-01,10028.19,anchors
order-0365-1,cust-0365,2025-06-28,12182.77,firestop
order-0366-1,cust-0366,2025-07-20,7740.55,anchors
order-0366-2,cust-0366,2025-08-08,13265.09,measuring
order-0366-3,cust-0366,2025-08-28,8139.71,fasteners
order-0367-1,cust-0367,2026-01-11,7974.25,anchors
order-0367-2,cust-0367,2026-01-18,15624.99,firestop
order-0367-3,cust-0367,2025-10-18,21996.71,firestop
order-0368-1,cust-0368,2026-03-14,11254.4,anchors
order-0369-1,cust-0369,2025-09-23,11158.99,measuring
order-0370-1,cust-0370,2026-01-18,5842.09,measuring
order-0370-2,cust-0370,2025-08-09,4946.43,measuring
order-0370-3,cust-0370,2026-02-21,5103.84,power_tools
order-0370-4,cust-0370,2026-03-08,4414.68,fasteners
order-0370-5,cust-0370,2025-09-06,4040.99,fasteners
order-0371-1,cust-0371,2026-01-29,3731.5,power_tools
order-0371-2,cust-0371,2026-04-04,7723.22,firestop
order-0371-3,cust-0371,2026-02-01,6870.35,measuring
order-0371-4,cust-0371,2026-03-22,5856.92,power_tools
order-0371-5,cust-0371,2026-03-21,6893.98,anchors
order-0371-6,cust-0371,2026-03-10,7467.97,measuring
order-0372-1,cust-0372,2026-03-23,9366.96,anchors
order-0372-2,cust-0372,2025-08-04,8700.15,measuring
order-0372-3,cust-0372,2026-02-08,7546.89,measuring
order-0372-4,cust-0372,2025-05-11,2902.55,firestop
order-0373-1,cust-0373,2025-09-17,1741.72,firestop
order-0373-2,cust-0373,2026-03-30,1691.57,power_tools
order-0373-3,cust-0373,2026-05-03,2717.07,measuring
order-0374-1,cust-0374,2025-05-16,5086.73,firestop
order-0374-2,cust-0374,2026-01-10,9964.86,measuring
order-0374-3,cust-0374,2025-12-21,10082.43,fasteners
order-0374-4,cust-0374,2025-09-15,4177.17,fasteners
order-0375-1,cust-0375,2025-10-06,16175.22,firestop
order-0375-2,cust-0375,2025-08-20,7287.5,firestop
order-0375-3,cust-0375,2025-08-20,12624.2,measuring
order-0375-4,cust-0375,2025-07-27,5236.95,anchors
order-0376-1,cust-0376,2025-09-06,11253.82,power_tools
order-0377-1,cust-0377,2025-09-04,14652.87,fasteners
order-0377-2,cust-0377,2026-04-26,11318.43,fasteners
order-0377-3,cust-0377,2026-03-10,9331.26,power_tools
order-0377-4,cust-0377,2026-02-11,7185.48,anchors
order-0378-1,cust-0378,2026-04-01,7458.8,anchors
order-0378-2,cust-0378,2025-07-09,7348.58,power_tools
order-0378-3,cust-0378,2025-07-13,4368.72,firestop
order-0378-4,cust-0378,2026-02-04,3861.15,fasteners
order-0379-1,cust-0379,2026-04-06,16142.82,power_tools
order-0379-2,cust-0379,2026-03-16,13316.79,anchors
order-0380-1,cust-0380,2026-02-17,9742.05,power_tools
order-0380-2,cust-0380,2026-03-10,4996.76,measuring
order-0380-3,cust-0380,2026-03-19,12033.07,anchors
order-0380-4,cust-0380,2025-06-03,9282.06,power_tools
order-0380-5,cust-0380,2025-11-25,3913.64,anchors
order-0380-6,cust-0380,2025-11-03,10382.82,anchors
order-0381-1,cust-0381,2026-03-28,3082.08,measuring
order-0381-2,cust-0381,2025-07-28,11485.35,firestop
order-0381-3,cust-0381,2025-06-01,7416.56,fasteners
order-0382-1,cust-0382,2025-11-18,6230.65,fasteners
order-0382-2,cust-0382,2025-08-31,6008.75,fasteners
order-0382-3,cust-0382,2025-06-09,11034.56,anchors
order-0382-4,cust-0382,2026-04-26,4572.1,anchors
order-0382-5,cust-0382,2025-05-14,8167.55,firestop
order-0383-1,cust-0383,2025-08-25,11347.03,power_tools
order-0384-1,cust-0384,2025-07-28,5897.95,anchors
order-0384-2,cust-0384,2025-10-14,7604.94,anchors
order-0384-3,cust-0384,2025-08-17,7311.34,anchors
order-0384-4,cust-0384,2025-05-13,7202.43,firestop
order-0384-5,cust-0384,2026-02-28,6533.81,measuring
order-0384-6,cust-0384,2025-09-29,2657.23,measuring
order-0385-1,cust-0385,2025-10-31,14838.49,fasteners
order-0385-2,cust-0385,2025-06-15,6564.74,fasteners
order-0385-3,cust-0385,2025-05-29,19754.75,anchors
order-0385-4,cust-0385,2025-08-17,8341.37,firestop
order-0385-5,cust-0385,2026-02-13,19800.65,firestop
order-0385-6,cust-0385,2025-08-05,11723.62,fasteners
order-0386-1,cust-0386,2026-03-03,3141.21,firestop
order-0386-2,cust-0386,2026-03-07,5938.19,anchors
order-0386-3,cust-0386,2025-10-18,2056.97,firestop
order-0386-4,cust-0386,2025-10-16,5074.18,power_tools
order-0387-1,cust-0387,2026-03-07,1059.04,power_tools
order-0387-2,cust-0387,2025-06-14,1519.45,anchors
order-0387-3,cust-0387,2025-11-28,968.94,firestop
order-0387-4,cust-0387,2026-01-29,977.35,power_tools
order-0388-1,cust-0388,2026-02-21,4680.2,fasteners
order-0388-2,cust-0388,2025-08-22,6144.47,fasteners
order-0388-3,cust-0388,2025-12-05,1933.29,power_tools
order-0389-1,cust-0389,2025-09-15,2625.57,fasteners
order-0389-2,cust-0389,2026-05-03,4607.05,anchors
order-0389-3,cust-0389,2025-11-20,9703.78,fasteners
order-0390-1,cust-0390,2025-08-20,5142.6,anchors
order-0390-2,cust-0390,2025-07-03,4467.73,power_tools
order-0390-3,cust-0390,2025-09-21,2727.91,measuring
order-0390-4,cust-0390,2025-06-28,3084.06,anchors
order-0390-5,cust-0390,2025-11-29,5013.24,power_tools
order-0390-6,cust-0390,2025-10-13,4654.66,firestop
order-0391-1,cust-0391,2026-02-05,2249.27,anchors
order-0392-1,cust-0392,2025-07-23,13499.94,anchors
order-0392-2,cust-0392,2026-02-16,8045.46,anchors
order-0393-1,cust-0393,2025-06-05,2979.14,fasteners
order-0393-2,cust-0393,2025-08-12,3327.68,power_tools
order-0393-3,cust-0393,2025-11-24,946.74,fasteners
order-0394-1,cust-0394,2025-05-16,9743.14,firestop
order-0394-2,cust-0394,2025-06-13,6005.38,power_tools
order-0394-3,cust-0394,2025-12-17,10955.46,fasteners
order-0394-4,cust-0394,2025-08-07,9804.73,anchors
order-0394-5,cust-0394,2025-05-31,6674.89,measuring
order-0394-6,cust-0394,2025-06-18,4694.02,fasteners
order-0395-1,cust-0395,2025-11-25,15950.07,fasteners
order-0395-2,cust-0395,2025-06-01,12855.64,fasteners
order-0395-3,cust-0395,2025-10-02,16730.65,measuring
order-0395-4,cust-0395,2025-05-19,19200.48,anchors
order-0395-5,cust-0395,2026-02-26,11649.56,power_tools
order-0395-6,cust-0395,2026-02-10,13512.74,anchors
order-0396-1,cust-0396,2025-08-11,4182.38,power_tools
order-0396-2,cust-0396,2026-02-27,4884.45,measuring
order-0396-3,cust-0396,2025-06-03,3565.25,fasteners
order-0397-1,cust-0397,2025-05-20,12705.94,anchors
order-0397-2,cust-0397,2025-10-04,6306.2,measuring
order-0397-3,cust-0397,2026-01-23,12749.6,measuring
order-0397-4,cust-0397,2025-12-05,8590.9,measuring
order-0397-5,cust-0397,2026-02-21,12101.04,fasteners
order-0397-6,cust-0397,2025-10-21,8153.65,firestop
order-0398-1,cust-0398,2025-10-19,6279.56,anchors
order-0398-2,cust-0398,2025-08-31,7181.7,firestop
order-0398-3,cust-0398,2026-04-18,5148.52,anchors
order-0398-4,cust-0398,2025-10-10,7700.87,power_tools
order-0398-5,cust-0398,2025-06-15,4932.58,power_tools
order-0399-1,cust-0399,2026-03-29,5596.44,fasteners
order-0399-2,cust-0399,2025-10-16,5275.95,fasteners
order-0400-1,cust-0400,2025-08-09,2057.84,measuring
order-0400-2,cust-0400,2025-09-04,3532.07,measuring
order-0400-3,cust-0400,2026-02-21,4375.3,measuring
order-0400-4,cust-0400,2026-03-16,1633.6,firestop
order-0400-5,cust-0400,2025-12-11,5212.99,fasteners
order-0400-6,cust-0400,2025-10-09,2267.88,measuring
