id,customer_id,salesperson_id,visited_at,outcome,notes
visit-0001-1,cust-0001,sp-kl-central,2026-04-14,follow_up,Synthetic follow up visit.
visit-0002-1,cust-0002,sp-kl-central,2025-12-26,follow_up,Synthetic follow up visit.
visit-0002-2,cust-0002,sp-kl-central,2025-10-16,order,Synthetic order visit.
visit-0002-3,cust-0002,sp-kl-central,2026-03-14,closed,Synthetic closed visit.
visit-0002-4,cust-0002,sp-kl-central,2026-04-16,follow_up,Synthetic follow up visit.
visit-0002-5,cust-0002,sp-kl-central,2026-02-02,order,Synthetic order visit.
visit-0003-1,cust-0003,sp-kl-central,2026-02-19,no_interest,Synthetic no interest visit.
visit-0003-2,cust-0003,sp-kl-central,2025-09-15,no_interest,Synthetic no interest visit.
visit-0003-3,cust-0003,sp-kl-central,2025-11-06,order,Synthetic order visit.
visit-0004-1,cust-0004,sp-kl-central,2026-03-23,follow_up,Synthetic follow up visit.
visit-0005-1,cust-0005,sp-kl-central,2026-01-01,order,Synthetic order visit.
visit-0006-1,cust-0006,sp-kl-central,2025-10-16,closed,Synthetic closed visit.
visit-0006-2,cust-0006,sp-kl-central,2026-02-05,follow_up,Synthetic follow up visit.
visit-0006-3,cust-0006,sp-kl-central,2026-03-15,follow_up,Synthetic follow up visit.
visit-0006-4,cust-0006,sp-kl-central,2025-12-02,order,Synthetic order visit.
visit-0007-1,cust-0007,sp-kl-central,2025-12-18,order,Synthetic order visit.
visit-0007-2,cust-0007,sp-kl-central,2025-10-11,order,Synthetic order visit.
visit-0008-1,cust-0008,sp-kl-central,2026-01-27,order,Synthetic order visit.
visit-0008-2,cust-0008,sp-kl-central,2026-03-06,follow_up,Synthetic follow up visit.
visit-0008-3,cust-0008,sp-kl-central,2025-09-11,order,Synthetic order visit.
visit-0008-4,cust-0008,sp-kl-central,2026-01-28,order,Synthetic order visit.
visit-0008-5,cust-0008,sp-kl-central,2026-02-07,follow_up,Synthetic follow up visit.
visit-0009-1,cust-0009,sp-kl-central,2026-02-19,follow_up,Synthetic follow up visit.
visit-0009-2,cust-0009,sp-kl-central,2026-04-29,follow_up,Synthetic follow up visit.
visit-0009-3,cust-0009,sp-kl-central,2025-12-06,follow_up,Synthetic follow up visit.
visit-0009-4,cust-0009,sp-kl-central,2026-03-22,no_interest,Synthetic no interest visit.
visit-0010-1,cust-0010,sp-kl-central,2025-10-16,order,Synthetic order visit.
visit-0011-1,cust-0011,sp-kl-central,2026-02-25,follow_up,Synthetic follow up visit.
visit-0012-1,cust-0012,sp-kl-central,2026-01-28,closed,Synthetic closed visit.
visit-0012-2,cust-0012,sp-kl-central,2025-09-24,no_interest,Synthetic no interest visit.
visit-0012-3,cust-0012,sp-kl-central,2026-03-25,closed,Synthetic closed visit.
visit-0012-4,cust-0012,sp-kl-central,2026-03-04,no_interest,Synthetic no interest visit.
visit-0013-1,cust-0013,sp-kl-central,2025-11-10,order,Synthetic order visit.
visit-0013-2,cust-0013,sp-kl-central,2025-09-30,follow_up,Synthetic follow up visit.
visit-0013-3,cust-0013,sp-kl-central,2025-10-07,order,Synthetic order visit.
visit-0014-1,cust-0014,sp-kl-central,2025-09-20,follow_up,Synthetic follow up visit.
visit-0015-1,cust-0015,sp-kl-central,2026-01-19,follow_up,Synthetic follow up visit.
visit-0015-2,cust-0015,sp-kl-central,2025-12-06,no_interest,Synthetic no interest visit.
visit-0015-3,cust-0015,sp-kl-central,2026-04-17,order,Synthetic order visit.
visit-0015-4,cust-0015,sp-kl-central,2025-12-13,order,Synthetic order visit.
visit-0015-5,cust-0015,sp-kl-central,2025-11-23,no_interest,Synthetic no interest visit.
visit-0016-1,cust-0016,sp-kl-central,2026-02-12,order,Synthetic order visit.
visit-0016-2,cust-0016,sp-kl-central,2025-11-20,order,Synthetic order visit.
visit-0016-3,cust-0016,sp-kl-central,2026-01-03,order,Synthetic order visit.
visit-0016-4,cust-0016,sp-kl-central,2026-04-07,no_interest,Synthetic no interest visit.
visit-0017-1,cust-0017,sp-kl-central,2026-04-17,order,Synthetic order visit.
visit-0017-2,cust-0017,sp-kl-central,2026-04-14,order,Synthetic order visit.
visit-0017-3,cust-0017,sp-kl-central,2025-12-15,order,Synthetic order visit.
visit-0017-4,cust-0017,sp-kl-central,2025-11-11,order,Synthetic order visit.
visit-0018-1,cust-0018,sp-kl-central,2025-10-24,follow_up,Synthetic follow up visit.
visit-0018-2,cust-0018,sp-kl-central,2025-10-21,no_interest,Synthetic no interest visit.
visit-0019-1,cust-0019,sp-kl-central,2025-10-26,follow_up,Synthetic follow up visit.
visit-0020-1,cust-0020,sp-kl-central,2025-12-20,order,Synthetic order visit.
visit-0021-1,cust-0021,sp-kl-central,2025-09-17,follow_up,Synthetic follow up visit.
visit-0021-2,cust-0021,sp-kl-central,2025-12-06,follow_up,Synthetic follow up visit.
visit-0021-3,cust-0021,sp-kl-central,2026-03-13,order,Synthetic order visit.
visit-0021-4,cust-0021,sp-kl-central,2026-01-23,order,Synthetic order visit.
visit-0021-5,cust-0021,sp-kl-central,2026-01-02,order,Synthetic order visit.
visit-0022-1,cust-0022,sp-kl-central,2025-12-17,order,Synthetic order visit.
visit-0022-2,cust-0022,sp-kl-central,2026-03-01,order,Synthetic order visit.
visit-0022-3,cust-0022,sp-kl-central,2026-03-07,order,Synthetic order visit.
visit-0023-1,cust-0023,sp-kl-central,2025-10-29,order,Synthetic order visit.
visit-0023-2,cust-0023,sp-kl-central,2025-11-01,order,Synthetic order visit.
visit-0023-3,cust-0023,sp-kl-central,2025-10-07,follow_up,Synthetic follow up visit.
visit-0023-4,cust-0023,sp-kl-central,2026-04-09,order,Synthetic order visit.
visit-0024-1,cust-0024,sp-kl-central,2025-12-12,order,Synthetic order visit.
visit-0024-2,cust-0024,sp-kl-central,2026-02-09,follow_up,Synthetic follow up visit.
visit-0024-3,cust-0024,sp-kl-central,2026-01-09,follow_up,Synthetic follow up visit.
visit-0024-4,cust-0024,sp-kl-central,2025-11-06,order,Synthetic order visit.
visit-0025-1,cust-0025,sp-kl-central,2025-09-18,follow_up,Synthetic follow up visit.
visit-0025-2,cust-0025,sp-kl-central,2025-11-24,follow_up,Synthetic follow up visit.
visit-0025-3,cust-0025,sp-kl-central,2025-12-25,order,Synthetic order visit.
visit-0026-1,cust-0026,sp-kl-central,2026-02-14,closed,Synthetic closed visit.
visit-0026-2,cust-0026,sp-kl-central,2025-10-21,closed,Synthetic closed visit.
visit-0026-3,cust-0026,sp-kl-central,2026-01-30,follow_up,Synthetic follow up visit.
visit-0027-1,cust-0027,sp-kl-central,2026-01-05,follow_up,Synthetic follow up visit.
visit-0028-1,cust-0028,sp-kl-central,2026-04-15,order,Synthetic order visit.
visit-0029-1,cust-0029,sp-kl-central,2026-04-06,order,Synthetic order visit.
visit-0029-2,cust-0029,sp-kl-central,2025-11-23,follow_up,Synthetic follow up visit.
visit-0029-3,cust-0029,sp-kl-central,2025-10-09,no_interest,Synthetic no interest visit.
visit-0029-4,cust-0029,sp-kl-central,2025-10-30,follow_up,Synthetic follow up visit.
visit-0030-1,cust-0030,sp-kl-central,2025-12-06,order,Synthetic order visit.
visit-0030-2,cust-0030,sp-kl-central,2026-03-29,closed,Synthetic closed visit.
visit-0030-3,cust-0030,sp-kl-central,2026-02-18,closed,Synthetic closed visit.
visit-0031-1,cust-0031,sp-kl-central,2026-03-26,order,Synthetic order visit.
visit-0031-2,cust-0031,sp-kl-central,2025-12-28,order,Synthetic order visit.
visit-0031-3,cust-0031,sp-kl-central,2026-03-13,order,Synthetic order visit.
visit-0031-4,cust-0031,sp-kl-central,2025-11-24,no_interest,Synthetic no interest visit.
visit-0031-5,cust-0031,sp-kl-central,2025-11-04,follow_up,Synthetic follow up visit.
visit-0032-1,cust-0032,sp-kl-central,2026-02-06,closed,Synthetic closed visit.
visit-0032-2,cust-0032,sp-kl-central,2026-04-09,follow_up,Synthetic follow up visit.
visit-0032-3,cust-0032,sp-kl-central,2025-10-25,follow_up,Synthetic follow up visit.
visit-0032-4,cust-0032,sp-kl-central,2025-12-13,follow_up,Synthetic follow up visit.
visit-0032-5,cust-0032,sp-kl-central,2025-12-23,follow_up,Synthetic follow up visit.
visit-0033-1,cust-0033,sp-kl-central,2026-04-27,follow_up,Synthetic follow up visit.
visit-0033-2,cust-0033,sp-kl-central,2026-01-31,order,Synthetic order visit.
visit-0034-1,cust-0034,sp-kl-central,2025-11-10,follow_up,Synthetic follow up visit.
visit-0034-2,cust-0034,sp-kl-central,2025-10-03,follow_up,Synthetic follow up visit.
visit-0034-3,cust-0034,sp-kl-central,2026-03-13,order,Synthetic order visit.
visit-0034-4,cust-0034,sp-kl-central,2026-01-19,no_interest,Synthetic no interest visit.
visit-0035-1,cust-0035,sp-kl-central,2026-04-22,closed,Synthetic closed visit.
visit-0035-2,cust-0035,sp-kl-central,2025-12-29,no_interest,Synthetic no interest visit.
visit-0035-3,cust-0035,sp-kl-central,2026-01-09,closed,Synthetic closed visit.
visit-0035-4,cust-0035,sp-kl-central,2026-03-18,follow_up,Synthetic follow up visit.
visit-0035-5,cust-0035,sp-kl-central,2026-02-26,follow_up,Synthetic follow up visit.
visit-0036-1,cust-0036,sp-kl-central,2025-12-03,order,Synthetic order visit.
visit-0036-2,cust-0036,sp-kl-central,2026-04-10,closed,Synthetic closed visit.
visit-0036-3,cust-0036,sp-kl-central,2026-03-28,order,Synthetic order visit.
visit-0036-4,cust-0036,sp-kl-central,2025-12-05,follow_up,Synthetic follow up visit.
visit-0036-5,cust-0036,sp-kl-central,2025-09-18,order,Synthetic order visit.
visit-0037-1,cust-0037,sp-kl-central,2026-01-20,follow_up,Synthetic follow up visit.
visit-0037-2,cust-0037,sp-kl-central,2026-01-10,no_interest,Synthetic no interest visit.
visit-0038-1,cust-0038,sp-kl-central,2026-04-05,follow_up,Synthetic follow up visit.
visit-0039-1,cust-0039,sp-kl-central,2025-12-19,order,Synthetic order visit.
visit-0039-2,cust-0039,sp-kl-central,2026-04-06,order,Synthetic order visit.
visit-0039-3,cust-0039,sp-kl-central,2025-12-06,follow_up,Synthetic follow up visit.
visit-0039-4,cust-0039,sp-kl-central,2025-11-20,order,Synthetic order visit.
visit-0040-1,cust-0040,sp-kl-central,2025-09-25,order,Synthetic order visit.
visit-0041-1,cust-0041,sp-kl-central,2025-12-21,order,Synthetic order visit.
visit-0041-2,cust-0041,sp-kl-central,2026-03-16,order,Synthetic order visit.
visit-0042-1,cust-0042,sp-kl-central,2026-03-01,no_interest,Synthetic no interest visit.
visit-0042-2,cust-0042,sp-kl-central,2025-11-23,no_interest,Synthetic no interest visit.
visit-0042-3,cust-0042,sp-kl-central,2025-09-19,follow_up,Synthetic follow up visit.
visit-0043-1,cust-0043,sp-kl-central,2026-03-28,no_interest,Synthetic no interest visit.
visit-0043-2,cust-0043,sp-kl-central,2025-09-29,order,Synthetic order visit.
visit-0043-3,cust-0043,sp-kl-central,2026-03-09,follow_up,Synthetic follow up visit.
visit-0043-4,cust-0043,sp-kl-central,2026-01-11,follow_up,Synthetic follow up visit.
visit-0044-1,cust-0044,sp-kl-central,2026-04-26,follow_up,Synthetic follow up visit.
visit-0044-2,cust-0044,sp-kl-central,2025-09-21,order,Synthetic order visit.
visit-0045-1,cust-0045,sp-kl-central,2026-03-20,order,Synthetic order visit.
visit-0045-2,cust-0045,sp-kl-central,2026-03-17,order,Synthetic order visit.
visit-0045-3,cust-0045,sp-kl-central,2026-03-19,follow_up,Synthetic follow up visit.
visit-0045-4,cust-0045,sp-kl-central,2026-04-28,order,Synthetic order visit.
visit-0046-1,cust-0046,sp-kl-central,2026-04-05,follow_up,Synthetic follow up visit.
visit-0046-2,cust-0046,sp-kl-central,2025-10-24,follow_up,Synthetic follow up visit.
visit-0046-3,cust-0046,sp-kl-central,2025-09-18,follow_up,Synthetic follow up visit.
visit-0046-4,cust-0046,sp-kl-central,2025-11-25,order,Synthetic order visit.
visit-0046-5,cust-0046,sp-kl-central,2026-04-21,follow_up,Synthetic follow up visit.
visit-0047-1,cust-0047,sp-kl-central,2025-10-25,order,Synthetic order visit.
visit-0047-2,cust-0047,sp-kl-central,2025-10-17,no_interest,Synthetic no interest visit.
visit-0048-1,cust-0048,sp-kl-central,2026-03-16,follow_up,Synthetic follow up visit.
visit-0048-2,cust-0048,sp-kl-central,2025-11-05,order,Synthetic order visit.
visit-0048-3,cust-0048,sp-kl-central,2025-10-10,order,Synthetic order visit.
visit-0048-4,cust-0048,sp-kl-central,2026-01-23,order,Synthetic order visit.
visit-0049-1,cust-0049,sp-kl-central,2026-03-16,order,Synthetic order visit.
visit-0049-2,cust-0049,sp-kl-central,2025-10-02,follow_up,Synthetic follow up visit.
visit-0049-3,cust-0049,sp-kl-central,2026-02-19,follow_up,Synthetic follow up visit.
visit-0049-4,cust-0049,sp-kl-central,2025-11-10,no_interest,Synthetic no interest visit.
visit-0050-1,cust-0050,sp-kl-central,2025-12-14,follow_up,Synthetic follow up visit.
visit-0050-2,cust-0050,sp-kl-central,2026-04-25,order,Synthetic order visit.
visit-0050-3,cust-0050,sp-kl-central,2025-12-08,order,Synthetic order visit.
visit-0050-4,cust-0050,sp-kl-central,2025-12-19,order,Synthetic order visit.
visit-0051-1,cust-0051,sp-kl-central,2025-10-02,follow_up,Synthetic follow up visit.
visit-0051-2,cust-0051,sp-kl-central,2026-03-30,order,Synthetic order visit.
visit-0051-3,cust-0051,sp-kl-central,2025-11-25,no_interest,Synthetic no interest visit.
visit-0052-1,cust-0052,sp-kl-central,2025-10-06,order,Synthetic order visit.
visit-0052-2,cust-0052,sp-kl-central,2025-11-27,follow_up,Synthetic follow up visit.
visit-0052-3,cust-0052,sp-kl-central,2026-01-03,no_interest,Synthetic no interest visit.
visit-0052-4,cust-0052,sp-kl-central,2026-02-22,order,Synthetic order visit.
visit-0052-5,cust-0052,sp-kl-central,2025-10-10,follow_up,Synthetic follow up visit.
visit-0053-1,cust-0053,sp-kl-central,2025-11-30,closed,Synthetic closed visit.
visit-0053-2,cust-0053,sp-kl-central,2025-09-20,follow_up,Synthetic follow up visit.
visit-0054-1,cust-0054,sp-kl-central,2025-12-30,order,Synthetic order visit.
visit-0054-2,cust-0054,sp-kl-central,2026-02-07,order,Synthetic order visit.
visit-0055-1,cust-0055,sp-kl-central,2026-01-06,order,Synthetic order visit.
visit-0055-2,cust-0055,sp-kl-central,2026-02-01,follow_up,Synthetic follow up visit.
visit-0056-1,cust-0056,sp-kl-central,2025-10-31,follow_up,Synthetic follow up visit.
visit-0056-2,cust-0056,sp-kl-central,2025-11-12,order,Synthetic order visit.
visit-0056-3,cust-0056,sp-kl-central,2026-04-03,order,Synthetic order visit.
visit-0056-4,cust-0056,sp-kl-central,2025-12-16,order,Synthetic order visit.
visit-0056-5,cust-0056,sp-kl-central,2026-01-19,no_interest,Synthetic no interest visit.
visit-0057-1,cust-0057,sp-kl-central,2026-04-04,order,Synthetic order visit.
visit-0058-1,cust-0058,sp-kl-central,2025-12-02,closed,Synthetic closed visit.
visit-0058-2,cust-0058,sp-kl-central,2026-02-18,no_interest,Synthetic no interest visit.
visit-0058-3,cust-0058,sp-kl-central,2025-11-24,order,Synthetic order visit.
visit-0059-1,cust-0059,sp-kl-central,2026-01-25,order,Synthetic order visit.
visit-0059-2,cust-0059,sp-kl-central,2025-09-19,closed,Synthetic closed visit.
visit-0060-1,cust-0060,sp-kl-central,2026-01-17,order,Synthetic order visit.
visit-0060-2,cust-0060,sp-kl-central,2026-04-16,no_interest,Synthetic no interest visit.
visit-0060-3,cust-0060,sp-kl-central,2026-01-21,order,Synthetic order visit.
visit-0060-4,cust-0060,sp-kl-central,2025-11-18,no_interest,Synthetic no interest visit.
visit-0060-5,cust-0060,sp-kl-central,2025-10-28,order,Synthetic order visit.
visit-0061-1,cust-0061,sp-kl-central,2026-03-08,no_interest,Synthetic no interest visit.
visit-0061-2,cust-0061,sp-kl-central,2025-11-11,no_interest,Synthetic no interest visit.
visit-0061-3,cust-0061,sp-kl-central,2026-01-01,order,Synthetic order visit.
visit-0061-4,cust-0061,sp-kl-central,2025-09-19,no_interest,Synthetic no interest visit.
visit-0062-1,cust-0062,sp-kl-central,2026-02-25,follow_up,Synthetic follow up visit.
visit-0062-2,cust-0062,sp-kl-central,2025-09-18,order,Synthetic order visit.
visit-0063-1,cust-0063,sp-kl-central,2026-02-28,order,Synthetic order visit.
visit-0063-2,cust-0063,sp-kl-central,2026-03-12,order,Synthetic order visit.
visit-0064-1,cust-0064,sp-kl-central,2025-09-24,order,Synthetic order visit.
visit-0064-2,cust-0064,sp-kl-central,2026-04-25,follow_up,Synthetic follow up visit.
visit-0065-1,cust-0065,sp-kl-central,2026-04-07,order,Synthetic order visit.
visit-0065-2,cust-0065,sp-kl-central,2026-01-31,order,Synthetic order visit.
visit-0065-3,cust-0065,sp-kl-central,2026-03-12,no_interest,Synthetic no interest visit.
visit-0065-4,cust-0065,sp-kl-central,2025-11-03,follow_up,Synthetic follow up visit.
visit-0065-5,cust-0065,sp-kl-central,2025-11-07,no_interest,Synthetic no interest visit.
visit-0066-1,cust-0066,sp-kl-central,2026-04-05,order,Synthetic order visit.
visit-0066-2,cust-0066,sp-kl-central,2026-03-21,follow_up,Synthetic follow up visit.
visit-0066-3,cust-0066,sp-kl-central,2025-11-29,follow_up,Synthetic follow up visit.
visit-0066-4,cust-0066,sp-kl-central,2025-09-21,order,Synthetic order visit.
visit-0067-1,cust-0067,sp-kl-central,2025-09-15,order,Synthetic order visit.
visit-0068-1,cust-0068,sp-kl-central,2026-03-20,follow_up,Synthetic follow up visit.
visit-0068-2,cust-0068,sp-kl-central,2026-03-02,follow_up,Synthetic follow up visit.
visit-0068-3,cust-0068,sp-kl-central,2026-02-01,no_interest,Synthetic no interest visit.
visit-0068-4,cust-0068,sp-kl-central,2026-03-18,no_interest,Synthetic no interest visit.
visit-0069-1,cust-0069,sp-kl-central,2026-02-05,follow_up,Synthetic follow up visit.
visit-0069-2,cust-0069,sp-kl-central,2025-11-17,order,Synthetic order visit.
visit-0069-3,cust-0069,sp-kl-central,2026-03-20,order,Synthetic order visit.
visit-0069-4,cust-0069,sp-kl-central,2026-03-26,order,Synthetic order visit.
visit-0070-1,cust-0070,sp-kl-central,2025-11-27,follow_up,Synthetic follow up visit.
visit-0070-2,cust-0070,sp-kl-central,2025-12-10,no_interest,Synthetic no interest visit.
visit-0070-3,cust-0070,sp-kl-central,2025-11-25,follow_up,Synthetic follow up visit.
visit-0071-1,cust-0071,sp-kl-central,2026-01-28,follow_up,Synthetic follow up visit.
visit-0071-2,cust-0071,sp-kl-central,2026-01-08,follow_up,Synthetic follow up visit.
visit-0071-3,cust-0071,sp-kl-central,2025-10-15,follow_up,Synthetic follow up visit.
visit-0071-4,cust-0071,sp-kl-central,2025-09-19,no_interest,Synthetic no interest visit.
visit-0072-1,cust-0072,sp-kl-central,2026-03-09,follow_up,Synthetic follow up visit.
visit-0072-2,cust-0072,sp-kl-central,2025-12-26,follow_up,Synthetic follow up visit.
visit-0072-3,cust-0072,sp-kl-central,2026-03-19,closed,Synthetic closed visit.
visit-0072-4,cust-0072,sp-kl-central,2026-02-26,order,Synthetic order visit.
visit-0072-5,cust-0072,sp-kl-central,2025-10-21,order,Synthetic order visit.
visit-0073-1,cust-0073,sp-kl-central,2026-03-23,order,Synthetic order visit.
visit-0073-2,cust-0073,sp-kl-central,2025-11-26,no_interest,Synthetic no interest visit.
visit-0074-1,cust-0074,sp-kl-central,2026-04-28,follow_up,Synthetic follow up visit.
visit-0075-1,cust-0075,sp-kl-central,2026-04-07,order,Synthetic order visit.
visit-0075-2,cust-0075,sp-kl-central,2025-10-24,order,Synthetic order visit.
visit-0076-1,cust-0076,sp-kl-central,2026-03-19,order,Synthetic order visit.
visit-0076-2,cust-0076,sp-kl-central,2026-02-21,follow_up,Synthetic follow up visit.
visit-0076-3,cust-0076,sp-kl-central,2026-01-20,follow_up,Synthetic follow up visit.
visit-0076-4,cust-0076,sp-kl-central,2026-01-26,order,Synthetic order visit.
visit-0076-5,cust-0076,sp-kl-central,2026-04-11,order,Synthetic order visit.
visit-0077-1,cust-0077,sp-kl-central,2025-10-12,no_interest,Synthetic no interest visit.
visit-0078-1,cust-0078,sp-kl-central,2026-01-24,order,Synthetic order visit.
visit-0078-2,cust-0078,sp-kl-central,2025-12-30,no_interest,Synthetic no interest visit.
visit-0078-3,cust-0078,sp-kl-central,2025-10-19,follow_up,Synthetic follow up visit.
visit-0078-4,cust-0078,sp-kl-central,2026-04-15,order,Synthetic order visit.
visit-0078-5,cust-0078,sp-kl-central,2025-11-22,follow_up,Synthetic follow up visit.
visit-0079-1,cust-0079,sp-kl-central,2025-11-05,order,Synthetic order visit.
visit-0079-2,cust-0079,sp-kl-central,2026-02-07,follow_up,Synthetic follow up visit.
visit-0079-3,cust-0079,sp-kl-central,2026-04-03,order,Synthetic order visit.
visit-0079-4,cust-0079,sp-kl-central,2025-09-13,order,Synthetic order visit.
visit-0080-1,cust-0080,sp-kl-central,2025-12-27,order,Synthetic order visit.
visit-0080-2,cust-0080,sp-kl-central,2026-04-16,order,Synthetic order visit.
visit-0080-3,cust-0080,sp-kl-central,2026-03-12,no_interest,Synthetic no interest visit.
visit-0080-4,cust-0080,sp-kl-central,2025-10-05,follow_up,Synthetic follow up visit.
visit-0080-5,cust-0080,sp-kl-central,2026-04-04,follow_up,Synthetic follow up visit.
visit-0081-1,cust-0081,sp-ampang,2026-01-03,closed,Synthetic closed visit.
visit-0081-2,cust-0081,sp-ampang,2026-02-04,order,Synthetic order visit.
visit-0081-3,cust-0081,sp-ampang,2026-04-06,follow_up,Synthetic follow up visit.
visit-0081-4,cust-0081,sp-ampang,2026-03-01,follow_up,Synthetic follow up visit.
visit-0082-1,cust-0082,sp-ampang,2025-10-08,closed,Synthetic closed visit.
visit-0082-2,cust-0082,sp-ampang,2026-03-28,order,Synthetic order visit.
visit-0083-1,cust-0083,sp-ampang,2025-12-27,closed,Synthetic closed visit.
visit-0084-1,cust-0084,sp-ampang,2026-01-30,order,Synthetic order visit.
visit-0084-2,cust-0084,sp-ampang,2026-01-13,follow_up,Synthetic follow up visit.
visit-0084-3,cust-0084,sp-ampang,2026-03-07,no_interest,Synthetic no interest visit.
visit-0084-4,cust-0084,sp-ampang,2026-02-01,no_interest,Synthetic no interest visit.
visit-0084-5,cust-0084,sp-ampang,2025-09-28,follow_up,Synthetic follow up visit.
visit-0085-1,cust-0085,sp-ampang,2025-09-30,order,Synthetic order visit.
visit-0086-1,cust-0086,sp-ampang,2026-01-05,follow_up,Synthetic follow up visit.
visit-0086-2,cust-0086,sp-ampang,2026-02-09,no_interest,Synthetic no interest visit.
visit-0086-3,cust-0086,sp-ampang,2026-03-23,no_interest,Synthetic no interest visit.
visit-0086-4,cust-0086,sp-ampang,2026-01-23,follow_up,Synthetic follow up visit.
visit-0086-5,cust-0086,sp-ampang,2025-09-20,closed,Synthetic closed visit.
visit-0087-1,cust-0087,sp-ampang,2025-09-25,order,Synthetic order visit.
visit-0088-1,cust-0088,sp-ampang,2025-11-06,follow_up,Synthetic follow up visit.
visit-0089-1,cust-0089,sp-ampang,2026-02-03,order,Synthetic order visit.
visit-0089-2,cust-0089,sp-ampang,2025-10-08,order,Synthetic order visit.
visit-0090-1,cust-0090,sp-ampang,2025-10-31,closed,Synthetic closed visit.
visit-0090-2,cust-0090,sp-ampang,2025-11-13,order,Synthetic order visit.
visit-0090-3,cust-0090,sp-ampang,2026-01-06,follow_up,Synthetic follow up visit.
visit-0090-4,cust-0090,sp-ampang,2025-12-17,order,Synthetic order visit.
visit-0091-1,cust-0091,sp-ampang,2026-03-03,follow_up,Synthetic follow up visit.
visit-0091-2,cust-0091,sp-ampang,2026-04-22,follow_up,Synthetic follow up visit.
visit-0091-3,cust-0091,sp-ampang,2025-12-16,follow_up,Synthetic follow up visit.
visit-0091-4,cust-0091,sp-ampang,2025-10-06,closed,Synthetic closed visit.
visit-0092-1,cust-0092,sp-ampang,2026-01-10,follow_up,Synthetic follow up visit.
visit-0092-2,cust-0092,sp-ampang,2025-10-26,follow_up,Synthetic follow up visit.
visit-0092-3,cust-0092,sp-ampang,2025-11-27,follow_up,Synthetic follow up visit.
visit-0092-4,cust-0092,sp-ampang,2025-10-11,closed,Synthetic closed visit.
visit-0092-5,cust-0092,sp-ampang,2026-04-09,order,Synthetic order visit.
visit-0093-1,cust-0093,sp-ampang,2026-03-08,order,Synthetic order visit.
visit-0093-2,cust-0093,sp-ampang,2025-10-17,order,Synthetic order visit.
visit-0093-3,cust-0093,sp-ampang,2025-11-01,follow_up,Synthetic follow up visit.
visit-0093-4,cust-0093,sp-ampang,2026-04-24,order,Synthetic order visit.
visit-0093-5,cust-0093,sp-ampang,2026-03-07,follow_up,Synthetic follow up visit.
visit-0094-1,cust-0094,sp-ampang,2026-02-10,follow_up,Synthetic follow up visit.
visit-0094-2,cust-0094,sp-ampang,2025-12-17,order,Synthetic order visit.
visit-0094-3,cust-0094,sp-ampang,2025-10-13,follow_up,Synthetic follow up visit.
visit-0094-4,cust-0094,sp-ampang,2025-12-06,no_interest,Synthetic no interest visit.
visit-0094-5,cust-0094,sp-ampang,2026-03-21,no_interest,Synthetic no interest visit.
visit-0095-1,cust-0095,sp-ampang,2026-02-24,follow_up,Synthetic follow up visit.
visit-0095-2,cust-0095,sp-ampang,2025-12-11,closed,Synthetic closed visit.
visit-0095-3,cust-0095,sp-ampang,2026-02-04,follow_up,Synthetic follow up visit.
visit-0096-1,cust-0096,sp-ampang,2026-04-15,order,Synthetic order visit.
visit-0096-2,cust-0096,sp-ampang,2026-02-19,order,Synthetic order visit.
visit-0097-1,cust-0097,sp-ampang,2026-03-07,order,Synthetic order visit.
visit-0097-2,cust-0097,sp-ampang,2026-01-17,order,Synthetic order visit.
visit-0098-1,cust-0098,sp-ampang,2025-10-23,closed,Synthetic closed visit.
visit-0099-1,cust-0099,sp-ampang,2026-03-31,no_interest,Synthetic no interest visit.
visit-0099-2,cust-0099,sp-ampang,2026-02-17,order,Synthetic order visit.
visit-0099-3,cust-0099,sp-ampang,2025-11-20,no_interest,Synthetic no interest visit.
visit-0099-4,cust-0099,sp-ampang,2025-10-27,follow_up,Synthetic follow up visit.
visit-0100-1,cust-0100,sp-ampang,2025-10-14,closed,Synthetic closed visit.
visit-0101-1,cust-0101,sp-ampang,2026-01-29,order,Synthetic order visit.
visit-0101-2,cust-0101,sp-ampang,2025-09-27,order,Synthetic order visit.
visit-0101-3,cust-0101,sp-ampang,2025-11-24,follow_up,Synthetic follow up visit.
visit-0101-4,cust-0101,sp-ampang,2025-11-05,order,Synthetic order visit.
visit-0101-5,cust-0101,sp-ampang,2025-09-29,order,Synthetic order visit.
visit-0102-1,cust-0102,sp-ampang,2026-04-29,follow_up,Synthetic follow up visit.
visit-0102-2,cust-0102,sp-ampang,2026-04-21,order,Synthetic order visit.
visit-0102-3,cust-0102,sp-ampang,2026-04-02,follow_up,Synthetic follow up visit.
visit-0102-4,cust-0102,sp-ampang,2025-09-26,order,Synthetic order visit.
visit-0102-5,cust-0102,sp-ampang,2025-09-20,closed,Synthetic closed visit.
visit-0103-1,cust-0103,sp-ampang,2025-10-16,closed,Synthetic closed visit.
visit-0103-2,cust-0103,sp-ampang,2025-11-16,order,Synthetic order visit.
visit-0104-1,cust-0104,sp-ampang,2026-01-28,follow_up,Synthetic follow up visit.
visit-0105-1,cust-0105,sp-ampang,2026-04-17,order,Synthetic order visit.
visit-0105-2,cust-0105,sp-ampang,2026-02-24,order,Synthetic order visit.
visit-0105-3,cust-0105,sp-ampang,2026-02-16,order,Synthetic order visit.
visit-0105-4,cust-0105,sp-ampang,2026-02-20,order,Synthetic order visit.
visit-0106-1,cust-0106,sp-ampang,2026-02-21,follow_up,Synthetic follow up visit.
visit-0106-2,cust-0106,sp-ampang,2025-10-08,follow_up,Synthetic follow up visit.
visit-0107-1,cust-0107,sp-ampang,2025-12-16,order,Synthetic order visit.
visit-0107-2,cust-0107,sp-ampang,2025-11-21,closed,Synthetic closed visit.
visit-0107-3,cust-0107,sp-ampang,2026-02-23,closed,Synthetic closed visit.
visit-0107-4,cust-0107,sp-ampang,2025-12-28,order,Synthetic order visit.
visit-0108-1,cust-0108,sp-ampang,2025-09-29,follow_up,Synthetic follow up visit.
visit-0108-2,cust-0108,sp-ampang,2025-10-24,order,Synthetic order visit.
visit-0108-3,cust-0108,sp-ampang,2026-02-21,follow_up,Synthetic follow up visit.
visit-0109-1,cust-0109,sp-ampang,2026-04-28,follow_up,Synthetic follow up visit.
visit-0109-2,cust-0109,sp-ampang,2026-04-14,order,Synthetic order visit.
visit-0109-3,cust-0109,sp-ampang,2026-03-25,follow_up,Synthetic follow up visit.
visit-0110-1,cust-0110,sp-ampang,2026-03-01,follow_up,Synthetic follow up visit.
visit-0110-2,cust-0110,sp-ampang,2025-11-14,follow_up,Synthetic follow up visit.
visit-0111-1,cust-0111,sp-ampang,2026-01-19,order,Synthetic order visit.
visit-0112-1,cust-0112,sp-ampang,2025-11-16,closed,Synthetic closed visit.
visit-0112-2,cust-0112,sp-ampang,2025-12-31,no_interest,Synthetic no interest visit.
visit-0112-3,cust-0112,sp-ampang,2025-12-05,order,Synthetic order visit.
visit-0112-4,cust-0112,sp-ampang,2025-09-27,order,Synthetic order visit.
visit-0112-5,cust-0112,sp-ampang,2025-11-01,order,Synthetic order visit.
visit-0113-1,cust-0113,sp-ampang,2026-01-17,no_interest,Synthetic no interest visit.
visit-0113-2,cust-0113,sp-ampang,2025-09-13,order,Synthetic order visit.
visit-0114-1,cust-0114,sp-ampang,2026-02-03,closed,Synthetic closed visit.
visit-0114-2,cust-0114,sp-ampang,2026-04-08,order,Synthetic order visit.
visit-0114-3,cust-0114,sp-ampang,2026-02-25,order,Synthetic order visit.
visit-0115-1,cust-0115,sp-ampang,2025-09-12,order,Synthetic order visit.
visit-0115-2,cust-0115,sp-ampang,2025-11-05,follow_up,Synthetic follow up visit.
visit-0115-3,cust-0115,sp-ampang,2026-04-21,order,Synthetic order visit.
visit-0115-4,cust-0115,sp-ampang,2025-10-05,follow_up,Synthetic follow up visit.
visit-0116-1,cust-0116,sp-ampang,2026-02-09,order,Synthetic order visit.
visit-0116-2,cust-0116,sp-ampang,2025-09-23,follow_up,Synthetic follow up visit.
visit-0116-3,cust-0116,sp-ampang,2025-12-13,order,Synthetic order visit.
visit-0117-1,cust-0117,sp-ampang,2025-11-29,order,Synthetic order visit.
visit-0117-2,cust-0117,sp-ampang,2025-10-02,order,Synthetic order visit.
visit-0117-3,cust-0117,sp-ampang,2026-02-28,follow_up,Synthetic follow up visit.
visit-0117-4,cust-0117,sp-ampang,2025-11-07,closed,Synthetic closed visit.
visit-0118-1,cust-0118,sp-ampang,2025-10-18,follow_up,Synthetic follow up visit.
visit-0118-2,cust-0118,sp-ampang,2026-03-17,closed,Synthetic closed visit.
visit-0118-3,cust-0118,sp-ampang,2025-10-21,closed,Synthetic closed visit.
visit-0118-4,cust-0118,sp-ampang,2025-11-01,follow_up,Synthetic follow up visit.
visit-0119-1,cust-0119,sp-ampang,2025-10-08,order,Synthetic order visit.
visit-0119-2,cust-0119,sp-ampang,2025-12-10,follow_up,Synthetic follow up visit.
visit-0119-3,cust-0119,sp-ampang,2026-02-12,follow_up,Synthetic follow up visit.
visit-0120-1,cust-0120,sp-ampang,2026-02-11,order,Synthetic order visit.
visit-0120-2,cust-0120,sp-ampang,2025-12-10,order,Synthetic order visit.
visit-0120-3,cust-0120,sp-ampang,2025-09-17,order,Synthetic order visit.
visit-0121-1,cust-0121,sp-ampang,2026-03-07,order,Synthetic order visit.
visit-0122-1,cust-0122,sp-ampang,2025-11-19,order,Synthetic order visit.
visit-0122-2,cust-0122,sp-ampang,2026-04-06,closed,Synthetic closed visit.
visit-0122-3,cust-0122,sp-ampang,2026-04-13,order,Synthetic order visit.
visit-0123-1,cust-0123,sp-ampang,2025-12-21,no_interest,Synthetic no interest visit.
visit-0123-2,cust-0123,sp-ampang,2026-04-16,follow_up,Synthetic follow up visit.
visit-0123-3,cust-0123,sp-ampang,2026-04-14,closed,Synthetic closed visit.
visit-0123-4,cust-0123,sp-ampang,2026-04-22,follow_up,Synthetic follow up visit.
visit-0124-1,cust-0124,sp-ampang,2025-11-01,follow_up,Synthetic follow up visit.
visit-0124-2,cust-0124,sp-ampang,2025-10-11,follow_up,Synthetic follow up visit.
visit-0124-3,cust-0124,sp-ampang,2025-10-15,follow_up,Synthetic follow up visit.
visit-0124-4,cust-0124,sp-ampang,2026-01-02,follow_up,Synthetic follow up visit.
visit-0125-1,cust-0125,sp-ampang,2025-10-05,follow_up,Synthetic follow up visit.
visit-0125-2,cust-0125,sp-ampang,2026-04-13,closed,Synthetic closed visit.
visit-0125-3,cust-0125,sp-ampang,2026-01-27,order,Synthetic order visit.
visit-0125-4,cust-0125,sp-ampang,2025-10-08,order,Synthetic order visit.
visit-0125-5,cust-0125,sp-ampang,2026-01-24,no_interest,Synthetic no interest visit.
visit-0126-1,cust-0126,sp-ampang,2025-09-16,no_interest,Synthetic no interest visit.
visit-0126-2,cust-0126,sp-ampang,2025-11-12,no_interest,Synthetic no interest visit.
visit-0126-3,cust-0126,sp-ampang,2025-10-23,order,Synthetic order visit.
visit-0127-1,cust-0127,sp-ampang,2026-01-14,order,Synthetic order visit.
visit-0127-2,cust-0127,sp-ampang,2026-02-05,no_interest,Synthetic no interest visit.
visit-0127-3,cust-0127,sp-ampang,2025-10-14,follow_up,Synthetic follow up visit.
visit-0128-1,cust-0128,sp-ampang,2026-03-08,closed,Synthetic closed visit.
visit-0129-1,cust-0129,sp-ampang,2026-01-15,order,Synthetic order visit.
visit-0129-2,cust-0129,sp-ampang,2025-10-21,order,Synthetic order visit.
visit-0130-1,cust-0130,sp-ampang,2026-02-28,no_interest,Synthetic no interest visit.
visit-0130-2,cust-0130,sp-ampang,2026-04-21,order,Synthetic order visit.
visit-0130-3,cust-0130,sp-ampang,2025-11-26,follow_up,Synthetic follow up visit.
visit-0130-4,cust-0130,sp-ampang,2026-02-02,follow_up,Synthetic follow up visit.
visit-0131-1,cust-0131,sp-ampang,2026-04-24,order,Synthetic order visit.
visit-0131-2,cust-0131,sp-ampang,2025-10-07,closed,Synthetic closed visit.
visit-0132-1,cust-0132,sp-ampang,2025-10-08,order,Synthetic order visit.
visit-0133-1,cust-0133,sp-ampang,2025-10-04,no_interest,Synthetic no interest visit.
visit-0133-2,cust-0133,sp-ampang,2026-04-18,follow_up,Synthetic follow up visit.
visit-0133-3,cust-0133,sp-ampang,2025-09-30,order,Synthetic order visit.
visit-0134-1,cust-0134,sp-ampang,2026-03-06,order,Synthetic order visit.
visit-0134-2,cust-0134,sp-ampang,2025-12-08,order,Synthetic order visit.
visit-0134-3,cust-0134,sp-ampang,2026-01-28,closed,Synthetic closed visit.
visit-0134-4,cust-0134,sp-ampang,2026-02-22,order,Synthetic order visit.
visit-0134-5,cust-0134,sp-ampang,2026-02-20,order,Synthetic order visit.
visit-0135-1,cust-0135,sp-ampang,2025-12-30,follow_up,Synthetic follow up visit.
visit-0136-1,cust-0136,sp-ampang,2025-12-18,order,Synthetic order visit.
visit-0136-2,cust-0136,sp-ampang,2026-04-26,order,Synthetic order visit.
visit-0136-3,cust-0136,sp-ampang,2025-11-19,order,Synthetic order visit.
visit-0136-4,cust-0136,sp-ampang,2026-04-12,order,Synthetic order visit.
visit-0137-1,cust-0137,sp-ampang,2025-10-10,follow_up,Synthetic follow up visit.
visit-0137-2,cust-0137,sp-ampang,2025-09-22,order,Synthetic order visit.
visit-0137-3,cust-0137,sp-ampang,2026-02-11,order,Synthetic order visit.
visit-0138-1,cust-0138,sp-ampang,2025-10-09,order,Synthetic order visit.
visit-0138-2,cust-0138,sp-ampang,2026-01-27,order,Synthetic order visit.
visit-0138-3,cust-0138,sp-ampang,2026-01-18,order,Synthetic order visit.
visit-0138-4,cust-0138,sp-ampang,2025-10-29,no_interest,Synthetic no interest visit.
visit-0138-5,cust-0138,sp-ampang,2025-10-16,closed,Synthetic closed visit.
visit-0139-1,cust-0139,sp-ampang,2026-04-17,order,Synthetic order visit.
visit-0139-2,cust-0139,sp-ampang,2026-01-22,closed,Synthetic closed visit.
visit-0139-3,cust-0139,sp-ampang,2026-03-18,no_interest,Synthetic no interest visit.
visit-0139-4,cust-0139,sp-ampang,2026-02-12,order,Synthetic order visit.
visit-0140-1,cust-0140,sp-ampang,2025-11-28,no_interest,Synthetic no interest visit.
visit-0140-2,cust-0140,sp-ampang,2026-04-20,follow_up,Synthetic follow up visit.
visit-0141-1,cust-0141,sp-ampang,2026-04-11,order,Synthetic order visit.
visit-0141-2,cust-0141,sp-ampang,2025-10-23,order,Synthetic order visit.
visit-0141-3,cust-0141,sp-ampang,2025-10-19,no_interest,Synthetic no interest visit.
visit-0141-4,cust-0141,sp-ampang,2025-11-16,follow_up,Synthetic follow up visit.
visit-0141-5,cust-0141,sp-ampang,2025-12-02,no_interest,Synthetic no interest visit.
visit-0142-1,cust-0142,sp-ampang,2025-10-08,closed,Synthetic closed visit.
visit-0142-2,cust-0142,sp-ampang,2025-12-26,no_interest,Synthetic no interest visit.
visit-0142-3,cust-0142,sp-ampang,2025-12-02,closed,Synthetic closed visit.
visit-0142-4,cust-0142,sp-ampang,2025-10-06,no_interest,Synthetic no interest visit.
visit-0143-1,cust-0143,sp-ampang,2026-01-22,order,Synthetic order visit.
visit-0143-2,cust-0143,sp-ampang,2026-01-08,order,Synthetic order visit.
visit-0143-3,cust-0143,sp-ampang,2025-11-04,order,Synthetic order visit.
visit-0144-1,cust-0144,sp-ampang,2025-10-19,follow_up,Synthetic follow up visit.
visit-0144-2,cust-0144,sp-ampang,2026-02-28,follow_up,Synthetic follow up visit.
visit-0144-3,cust-0144,sp-ampang,2026-04-23,follow_up,Synthetic follow up visit.
visit-0144-4,cust-0144,sp-ampang,2026-01-14,closed,Synthetic closed visit.
visit-0145-1,cust-0145,sp-ampang,2026-03-04,follow_up,Synthetic follow up visit.
visit-0145-2,cust-0145,sp-ampang,2026-04-07,order,Synthetic order visit.
visit-0146-1,cust-0146,sp-ampang,2026-02-02,order,Synthetic order visit.
visit-0147-1,cust-0147,sp-ampang,2025-10-01,closed,Synthetic closed visit.
visit-0147-2,cust-0147,sp-ampang,2025-11-15,follow_up,Synthetic follow up visit.
visit-0147-3,cust-0147,sp-ampang,2026-04-05,order,Synthetic order visit.
visit-0147-4,cust-0147,sp-ampang,2026-02-04,follow_up,Synthetic follow up visit.
visit-0147-5,cust-0147,sp-ampang,2025-09-20,order,Synthetic order visit.
visit-0148-1,cust-0148,sp-ampang,2026-04-15,follow_up,Synthetic follow up visit.
visit-0148-2,cust-0148,sp-ampang,2026-01-19,follow_up,Synthetic follow up visit.
visit-0149-1,cust-0149,sp-ampang,2026-01-29,order,Synthetic order visit.
visit-0149-2,cust-0149,sp-ampang,2026-04-22,follow_up,Synthetic follow up visit.
visit-0149-3,cust-0149,sp-ampang,2025-10-04,follow_up,Synthetic follow up visit.
visit-0149-4,cust-0149,sp-ampang,2026-01-01,follow_up,Synthetic follow up visit.
visit-0150-1,cust-0150,sp-ampang,2025-09-28,order,Synthetic order visit.
visit-0150-2,cust-0150,sp-ampang,2025-09-22,follow_up,Synthetic follow up visit.
visit-0150-3,cust-0150,sp-ampang,2025-12-10,no_interest,Synthetic no interest visit.
visit-0150-4,cust-0150,sp-ampang,2026-04-04,order,Synthetic order visit.
visit-0150-5,cust-0150,sp-ampang,2026-04-13,order,Synthetic order visit.
visit-0151-1,cust-0151,sp-ampang,2026-04-22,order,Synthetic order visit.
visit-0151-2,cust-0151,sp-ampang,2026-01-12,follow_up,Synthetic follow up visit.
visit-0151-3,cust-0151,sp-ampang,2025-09-23,order,Synthetic order visit.
visit-0152-1,cust-0152,sp-ampang,2025-12-23,order,Synthetic order visit.
visit-0152-2,cust-0152,sp-ampang,2026-03-29,closed,Synthetic closed visit.
visit-0153-1,cust-0153,sp-ampang,2025-09-12,no_interest,Synthetic no interest visit.
visit-0153-2,cust-0153,sp-ampang,2025-11-13,order,Synthetic order visit.
visit-0153-3,cust-0153,sp-ampang,2025-12-08,order,Synthetic order visit.
visit-0153-4,cust-0153,sp-ampang,2025-10-27,follow_up,Synthetic follow up visit.
visit-0153-5,cust-0153,sp-ampang,2025-09-25,closed,Synthetic closed visit.
visit-0154-1,cust-0154,sp-ampang,2026-01-28,order,Synthetic order visit.
visit-0154-2,cust-0154,sp-ampang,2025-12-29,follow_up,Synthetic follow up visit.
visit-0154-3,cust-0154,sp-ampang,2026-03-06,closed,Synthetic closed visit.
visit-0154-4,cust-0154,sp-ampang,2025-11-29,order,Synthetic order visit.
visit-0155-1,cust-0155,sp-ampang,2025-10-28,follow_up,Synthetic follow up visit.
visit-0156-1,cust-0156,sp-ampang,2026-03-15,order,Synthetic order visit.
visit-0156-2,cust-0156,sp-ampang,2026-03-13,follow_up,Synthetic follow up visit.
visit-0156-3,cust-0156,sp-ampang,2026-02-01,closed,Synthetic closed visit.
visit-0157-1,cust-0157,sp-ampang,2026-01-05,order,Synthetic order visit.
visit-0157-2,cust-0157,sp-ampang,2025-12-30,no_interest,Synthetic no interest visit.
visit-0157-3,cust-0157,sp-ampang,2026-02-25,no_interest,Synthetic no interest visit.
visit-0157-4,cust-0157,sp-ampang,2026-04-10,order,Synthetic order visit.
visit-0157-5,cust-0157,sp-ampang,2025-12-04,follow_up,Synthetic follow up visit.
visit-0158-1,cust-0158,sp-ampang,2026-02-04,order,Synthetic order visit.
visit-0158-2,cust-0158,sp-ampang,2026-03-06,order,Synthetic order visit.
visit-0158-3,cust-0158,sp-ampang,2025-12-31,order,Synthetic order visit.
visit-0159-1,cust-0159,sp-ampang,2026-01-14,no_interest,Synthetic no interest visit.
visit-0159-2,cust-0159,sp-ampang,2025-10-13,follow_up,Synthetic follow up visit.
visit-0160-1,cust-0160,sp-ampang,2025-10-09,no_interest,Synthetic no interest visit.
visit-0161-1,cust-0161,sp-pj,2026-01-26,follow_up,Synthetic follow up visit.
visit-0161-2,cust-0161,sp-pj,2026-02-14,follow_up,Synthetic follow up visit.
visit-0161-3,cust-0161,sp-pj,2026-02-18,follow_up,Synthetic follow up visit.
visit-0162-1,cust-0162,sp-pj,2025-12-25,follow_up,Synthetic follow up visit.
visit-0162-2,cust-0162,sp-pj,2026-04-15,follow_up,Synthetic follow up visit.
visit-0163-1,cust-0163,sp-pj,2025-10-13,follow_up,Synthetic follow up visit.
visit-0163-2,cust-0163,sp-pj,2026-02-03,follow_up,Synthetic follow up visit.
visit-0163-3,cust-0163,sp-pj,2025-10-14,order,Synthetic order visit.
visit-0163-4,cust-0163,sp-pj,2026-04-23,follow_up,Synthetic follow up visit.
visit-0164-1,cust-0164,sp-pj,2025-10-22,order,Synthetic order visit.
visit-0164-2,cust-0164,sp-pj,2026-01-02,order,Synthetic order visit.
visit-0164-3,cust-0164,sp-pj,2026-02-23,follow_up,Synthetic follow up visit.
visit-0164-4,cust-0164,sp-pj,2025-12-03,order,Synthetic order visit.
visit-0164-5,cust-0164,sp-pj,2026-01-27,closed,Synthetic closed visit.
visit-0165-1,cust-0165,sp-pj,2026-04-20,follow_up,Synthetic follow up visit.
visit-0165-2,cust-0165,sp-pj,2025-10-30,no_interest,Synthetic no interest visit.
visit-0165-3,cust-0165,sp-pj,2026-02-05,follow_up,Synthetic follow up visit.
visit-0165-4,cust-0165,sp-pj,2026-02-28,follow_up,Synthetic follow up visit.
visit-0165-5,cust-0165,sp-pj,2025-10-02,no_interest,Synthetic no interest visit.
visit-0166-1,cust-0166,sp-pj,2025-12-30,no_interest,Synthetic no interest visit.
visit-0166-2,cust-0166,sp-pj,2025-11-08,follow_up,Synthetic follow up visit.
visit-0167-1,cust-0167,sp-pj,2025-12-07,follow_up,Synthetic follow up visit.
visit-0167-2,cust-0167,sp-pj,2026-04-07,follow_up,Synthetic follow up visit.
visit-0167-3,cust-0167,sp-pj,2026-02-24,order,Synthetic order visit.
visit-0167-4,cust-0167,sp-pj,2026-04-20,follow_up,Synthetic follow up visit.
visit-0167-5,cust-0167,sp-pj,2026-02-10,no_interest,Synthetic no interest visit.
visit-0168-1,cust-0168,sp-pj,2025-12-21,no_interest,Synthetic no interest visit.
visit-0168-2,cust-0168,sp-pj,2026-01-27,follow_up,Synthetic follow up visit.
visit-0168-3,cust-0168,sp-pj,2026-02-16,no_interest,Synthetic no interest visit.
visit-0169-1,cust-0169,sp-pj,2026-04-16,order,Synthetic order visit.
visit-0169-2,cust-0169,sp-pj,2025-10-16,closed,Synthetic closed visit.
visit-0169-3,cust-0169,sp-pj,2026-02-23,follow_up,Synthetic follow up visit.
visit-0169-4,cust-0169,sp-pj,2025-12-20,closed,Synthetic closed visit.
visit-0169-5,cust-0169,sp-pj,2026-01-06,follow_up,Synthetic follow up visit.
visit-0170-1,cust-0170,sp-pj,2026-02-21,order,Synthetic order visit.
visit-0170-2,cust-0170,sp-pj,2025-12-25,follow_up,Synthetic follow up visit.
visit-0170-3,cust-0170,sp-pj,2026-04-16,order,Synthetic order visit.
visit-0171-1,cust-0171,sp-pj,2026-04-24,closed,Synthetic closed visit.
visit-0171-2,cust-0171,sp-pj,2025-11-26,follow_up,Synthetic follow up visit.
visit-0171-3,cust-0171,sp-pj,2025-10-05,order,Synthetic order visit.
visit-0171-4,cust-0171,sp-pj,2026-03-07,order,Synthetic order visit.
visit-0171-5,cust-0171,sp-pj,2025-10-14,follow_up,Synthetic follow up visit.
visit-0172-1,cust-0172,sp-pj,2025-12-17,order,Synthetic order visit.
visit-0172-2,cust-0172,sp-pj,2026-01-22,order,Synthetic order visit.
visit-0173-1,cust-0173,sp-pj,2025-10-03,follow_up,Synthetic follow up visit.
visit-0174-1,cust-0174,sp-pj,2025-09-23,order,Synthetic order visit.
visit-0174-2,cust-0174,sp-pj,2025-12-30,order,Synthetic order visit.
visit-0174-3,cust-0174,sp-pj,2025-12-01,order,Synthetic order visit.
visit-0175-1,cust-0175,sp-pj,2025-10-15,order,Synthetic order visit.
visit-0176-1,cust-0176,sp-pj,2026-04-29,order,Synthetic order visit.
visit-0177-1,cust-0177,sp-pj,2026-04-24,order,Synthetic order visit.
visit-0177-2,cust-0177,sp-pj,2026-02-08,no_interest,Synthetic no interest visit.
visit-0178-1,cust-0178,sp-pj,2026-03-03,follow_up,Synthetic follow up visit.
visit-0178-2,cust-0178,sp-pj,2026-04-19,follow_up,Synthetic follow up visit.
visit-0178-3,cust-0178,sp-pj,2026-01-04,follow_up,Synthetic follow up visit.
visit-0178-4,cust-0178,sp-pj,2025-11-06,follow_up,Synthetic follow up visit.
visit-0179-1,cust-0179,sp-pj,2026-01-06,follow_up,Synthetic follow up visit.
visit-0179-2,cust-0179,sp-pj,2025-11-25,order,Synthetic order visit.
visit-0180-1,cust-0180,sp-pj,2025-12-11,closed,Synthetic closed visit.
visit-0180-2,cust-0180,sp-pj,2025-09-19,order,Synthetic order visit.
visit-0180-3,cust-0180,sp-pj,2025-09-24,order,Synthetic order visit.
visit-0180-4,cust-0180,sp-pj,2025-12-09,order,Synthetic order visit.
visit-0180-5,cust-0180,sp-pj,2026-02-20,no_interest,Synthetic no interest visit.
visit-0181-1,cust-0181,sp-pj,2026-01-04,order,Synthetic order visit.
visit-0181-2,cust-0181,sp-pj,2025-10-31,order,Synthetic order visit.
visit-0181-3,cust-0181,sp-pj,2025-09-24,order,Synthetic order visit.
visit-0181-4,cust-0181,sp-pj,2026-03-03,follow_up,Synthetic follow up visit.
visit-0181-5,cust-0181,sp-pj,2026-03-31,follow_up,Synthetic follow up visit.
visit-0182-1,cust-0182,sp-pj,2025-09-11,no_interest,Synthetic no interest visit.
visit-0182-2,cust-0182,sp-pj,2026-01-14,closed,Synthetic closed visit.
visit-0182-3,cust-0182,sp-pj,2025-10-21,follow_up,Synthetic follow up visit.
visit-0182-4,cust-0182,sp-pj,2026-04-25,follow_up,Synthetic follow up visit.
visit-0183-1,cust-0183,sp-pj,2026-01-24,order,Synthetic order visit.
visit-0183-2,cust-0183,sp-pj,2026-04-23,order,Synthetic order visit.
visit-0183-3,cust-0183,sp-pj,2026-03-18,no_interest,Synthetic no interest visit.
visit-0184-1,cust-0184,sp-pj,2025-09-26,follow_up,Synthetic follow up visit.
visit-0184-2,cust-0184,sp-pj,2026-04-24,follow_up,Synthetic follow up visit.
visit-0185-1,cust-0185,sp-pj,2026-02-16,order,Synthetic order visit.
visit-0185-2,cust-0185,sp-pj,2026-01-13,order,Synthetic order visit.
visit-0186-1,cust-0186,sp-pj,2025-12-12,follow_up,Synthetic follow up visit.
visit-0186-2,cust-0186,sp-pj,2026-01-02,order,Synthetic order visit.
visit-0187-1,cust-0187,sp-pj,2026-01-29,follow_up,Synthetic follow up visit.
visit-0187-2,cust-0187,sp-pj,2026-04-05,no_interest,Synthetic no interest visit.
visit-0187-3,cust-0187,sp-pj,2026-03-19,closed,Synthetic closed visit.
visit-0188-1,cust-0188,sp-pj,2025-12-24,follow_up,Synthetic follow up visit.
visit-0188-2,cust-0188,sp-pj,2026-01-10,follow_up,Synthetic follow up visit.
visit-0188-3,cust-0188,sp-pj,2025-09-26,order,Synthetic order visit.
visit-0188-4,cust-0188,sp-pj,2025-11-29,order,Synthetic order visit.
visit-0189-1,cust-0189,sp-pj,2025-09-25,closed,Synthetic closed visit.
visit-0189-2,cust-0189,sp-pj,2026-02-19,no_interest,Synthetic no interest visit.
visit-0190-1,cust-0190,sp-pj,2026-03-16,follow_up,Synthetic follow up visit.
visit-0190-2,cust-0190,sp-pj,2026-03-24,follow_up,Synthetic follow up visit.
visit-0191-1,cust-0191,sp-pj,2026-01-11,follow_up,Synthetic follow up visit.
visit-0192-1,cust-0192,sp-pj,2025-09-28,order,Synthetic order visit.
visit-0192-2,cust-0192,sp-pj,2025-09-22,no_interest,Synthetic no interest visit.
visit-0192-3,cust-0192,sp-pj,2025-12-21,no_interest,Synthetic no interest visit.
visit-0193-1,cust-0193,sp-pj,2026-03-03,order,Synthetic order visit.
visit-0193-2,cust-0193,sp-pj,2026-04-15,follow_up,Synthetic follow up visit.
visit-0193-3,cust-0193,sp-pj,2025-10-06,follow_up,Synthetic follow up visit.
visit-0193-4,cust-0193,sp-pj,2025-12-04,order,Synthetic order visit.
visit-0193-5,cust-0193,sp-pj,2025-12-16,order,Synthetic order visit.
visit-0194-1,cust-0194,sp-pj,2026-02-27,order,Synthetic order visit.
visit-0195-1,cust-0195,sp-pj,2026-03-28,order,Synthetic order visit.
visit-0196-1,cust-0196,sp-pj,2026-02-12,follow_up,Synthetic follow up visit.
visit-0196-2,cust-0196,sp-pj,2025-12-20,no_interest,Synthetic no interest visit.
visit-0196-3,cust-0196,sp-pj,2025-11-06,order,Synthetic order visit.
visit-0196-4,cust-0196,sp-pj,2026-03-26,order,Synthetic order visit.
visit-0197-1,cust-0197,sp-pj,2025-09-16,no_interest,Synthetic no interest visit.
visit-0197-2,cust-0197,sp-pj,2025-11-29,follow_up,Synthetic follow up visit.
visit-0197-3,cust-0197,sp-pj,2026-01-24,closed,Synthetic closed visit.
visit-0197-4,cust-0197,sp-pj,2025-11-06,no_interest,Synthetic no interest visit.
visit-0197-5,cust-0197,sp-pj,2026-01-26,order,Synthetic order visit.
visit-0198-1,cust-0198,sp-pj,2025-09-19,follow_up,Synthetic follow up visit.
visit-0198-2,cust-0198,sp-pj,2025-12-28,follow_up,Synthetic follow up visit.
visit-0198-3,cust-0198,sp-pj,2025-10-08,order,Synthetic order visit.
visit-0198-4,cust-0198,sp-pj,2026-04-28,follow_up,Synthetic follow up visit.
visit-0199-1,cust-0199,sp-pj,2025-10-18,order,Synthetic order visit.
visit-0200-1,cust-0200,sp-pj,2026-04-29,follow_up,Synthetic follow up visit.
visit-0200-2,cust-0200,sp-pj,2025-09-26,closed,Synthetic closed visit.
visit-0200-3,cust-0200,sp-pj,2026-02-24,closed,Synthetic closed visit.
visit-0200-4,cust-0200,sp-pj,2026-04-14,no_interest,Synthetic no interest visit.
visit-0200-5,cust-0200,sp-pj,2025-12-21,order,Synthetic order visit.
visit-0201-1,cust-0201,sp-pj,2025-11-12,order,Synthetic order visit.
visit-0201-2,cust-0201,sp-pj,2025-11-28,follow_up,Synthetic follow up visit.
visit-0202-1,cust-0202,sp-pj,2026-03-19,closed,Synthetic closed visit.
visit-0202-2,cust-0202,sp-pj,2026-03-07,order,Synthetic order visit.
visit-0203-1,cust-0203,sp-pj,2025-09-16,follow_up,Synthetic follow up visit.
visit-0203-2,cust-0203,sp-pj,2025-11-11,follow_up,Synthetic follow up visit.
visit-0203-3,cust-0203,sp-pj,2026-03-30,order,Synthetic order visit.
visit-0204-1,cust-0204,sp-pj,2025-10-22,order,Synthetic order visit.
visit-0204-2,cust-0204,sp-pj,2026-02-09,order,Synthetic order visit.
visit-0205-1,cust-0205,sp-pj,2026-03-31,order,Synthetic order visit.
visit-0205-2,cust-0205,sp-pj,2026-04-17,no_interest,Synthetic no interest visit.
visit-0206-1,cust-0206,sp-pj,2026-03-04,order,Synthetic order visit.
visit-0206-2,cust-0206,sp-pj,2026-03-15,follow_up,Synthetic follow up visit.
visit-0206-3,cust-0206,sp-pj,2025-10-16,order,Synthetic order visit.
visit-0207-1,cust-0207,sp-pj,2025-11-25,no_interest,Synthetic no interest visit.
visit-0207-2,cust-0207,sp-pj,2025-10-24,order,Synthetic order visit.
visit-0207-3,cust-0207,sp-pj,2026-02-13,order,Synthetic order visit.
visit-0207-4,cust-0207,sp-pj,2026-02-27,closed,Synthetic closed visit.
visit-0208-1,cust-0208,sp-pj,2025-10-17,no_interest,Synthetic no interest visit.
visit-0209-1,cust-0209,sp-pj,2025-12-14,follow_up,Synthetic follow up visit.
visit-0209-2,cust-0209,sp-pj,2026-03-30,no_interest,Synthetic no interest visit.
visit-0209-3,cust-0209,sp-pj,2025-12-26,no_interest,Synthetic no interest visit.
visit-0209-4,cust-0209,sp-pj,2026-03-18,follow_up,Synthetic follow up visit.
visit-0209-5,cust-0209,sp-pj,2026-03-21,follow_up,Synthetic follow up visit.
visit-0210-1,cust-0210,sp-pj,2025-11-05,no_interest,Synthetic no interest visit.
visit-0210-2,cust-0210,sp-pj,2025-11-09,no_interest,Synthetic no interest visit.
visit-0211-1,cust-0211,sp-pj,2025-10-14,order,Synthetic order visit.
visit-0211-2,cust-0211,sp-pj,2026-04-01,order,Synthetic order visit.
visit-0211-3,cust-0211,sp-pj,2025-11-24,follow_up,Synthetic follow up visit.
visit-0211-4,cust-0211,sp-pj,2025-12-17,order,Synthetic order visit.
visit-0212-1,cust-0212,sp-pj,2026-04-20,order,Synthetic order visit.
visit-0212-2,cust-0212,sp-pj,2026-01-03,order,Synthetic order visit.
visit-0213-1,cust-0213,sp-pj,2026-02-28,follow_up,Synthetic follow up visit.
visit-0213-2,cust-0213,sp-pj,2025-12-18,no_interest,Synthetic no interest visit.
visit-0214-1,cust-0214,sp-pj,2025-12-01,no_interest,Synthetic no interest visit.
visit-0214-2,cust-0214,sp-pj,2026-04-26,order,Synthetic order visit.
visit-0214-3,cust-0214,sp-pj,2025-12-09,order,Synthetic order visit.
visit-0214-4,cust-0214,sp-pj,2025-12-29,closed,Synthetic closed visit.
visit-0215-1,cust-0215,sp-pj,2025-11-21,closed,Synthetic closed visit.
visit-0215-2,cust-0215,sp-pj,2026-01-05,follow_up,Synthetic follow up visit.
visit-0215-3,cust-0215,sp-pj,2026-03-01,order,Synthetic order visit.
visit-0215-4,cust-0215,sp-pj,2026-01-27,order,Synthetic order visit.
visit-0215-5,cust-0215,sp-pj,2026-03-16,no_interest,Synthetic no interest visit.
visit-0216-1,cust-0216,sp-pj,2026-04-01,order,Synthetic order visit.
visit-0216-2,cust-0216,sp-pj,2026-02-05,follow_up,Synthetic follow up visit.
visit-0216-3,cust-0216,sp-pj,2026-02-17,follow_up,Synthetic follow up visit.
visit-0217-1,cust-0217,sp-pj,2026-04-19,follow_up,Synthetic follow up visit.
visit-0217-2,cust-0217,sp-pj,2026-03-07,closed,Synthetic closed visit.
visit-0217-3,cust-0217,sp-pj,2026-02-04,order,Synthetic order visit.
visit-0218-1,cust-0218,sp-pj,2026-01-30,order,Synthetic order visit.
visit-0219-1,cust-0219,sp-pj,2026-03-19,order,Synthetic order visit.
visit-0219-2,cust-0219,sp-pj,2026-02-10,no_interest,Synthetic no interest visit.
visit-0219-3,cust-0219,sp-pj,2026-02-15,follow_up,Synthetic follow up visit.
visit-0219-4,cust-0219,sp-pj,2025-11-16,closed,Synthetic closed visit.
visit-0220-1,cust-0220,sp-pj,2025-10-10,order,Synthetic order visit.
visit-0220-2,cust-0220,sp-pj,2026-04-28,closed,Synthetic closed visit.
visit-0220-3,cust-0220,sp-pj,2025-12-30,order,Synthetic order visit.
visit-0221-1,cust-0221,sp-pj,2026-02-06,order,Synthetic order visit.
visit-0222-1,cust-0222,sp-pj,2026-03-10,no_interest,Synthetic no interest visit.
visit-0223-1,cust-0223,sp-pj,2025-12-29,order,Synthetic order visit.
visit-0224-1,cust-0224,sp-pj,2025-12-21,follow_up,Synthetic follow up visit.
visit-0224-2,cust-0224,sp-pj,2025-12-31,closed,Synthetic closed visit.
visit-0224-3,cust-0224,sp-pj,2025-10-10,order,Synthetic order visit.
visit-0224-4,cust-0224,sp-pj,2025-10-17,order,Synthetic order visit.
visit-0224-5,cust-0224,sp-pj,2026-02-23,closed,Synthetic closed visit.
visit-0225-1,cust-0225,sp-pj,2025-12-04,order,Synthetic order visit.
visit-0225-2,cust-0225,sp-pj,2026-02-28,no_interest,Synthetic no interest visit.
visit-0225-3,cust-0225,sp-pj,2025-09-16,no_interest,Synthetic no interest visit.
visit-0225-4,cust-0225,sp-pj,2026-02-21,closed,Synthetic closed visit.
visit-0225-5,cust-0225,sp-pj,2025-12-29,follow_up,Synthetic follow up visit.
visit-0226-1,cust-0226,sp-pj,2025-11-03,follow_up,Synthetic follow up visit.
visit-0226-2,cust-0226,sp-pj,2026-03-17,order,Synthetic order visit.
visit-0227-1,cust-0227,sp-pj,2025-09-13,follow_up,Synthetic follow up visit.
visit-0227-2,cust-0227,sp-pj,2025-09-21,follow_up,Synthetic follow up visit.
visit-0227-3,cust-0227,sp-pj,2025-09-22,follow_up,Synthetic follow up visit.
visit-0228-1,cust-0228,sp-pj,2026-03-04,follow_up,Synthetic follow up visit.
visit-0229-1,cust-0229,sp-pj,2026-03-29,order,Synthetic order visit.
visit-0229-2,cust-0229,sp-pj,2025-10-18,follow_up,Synthetic follow up visit.
visit-0229-3,cust-0229,sp-pj,2025-11-17,order,Synthetic order visit.
visit-0230-1,cust-0230,sp-pj,2026-02-13,order,Synthetic order visit.
visit-0230-2,cust-0230,sp-pj,2025-09-16,follow_up,Synthetic follow up visit.
visit-0230-3,cust-0230,sp-pj,2026-03-27,order,Synthetic order visit.
visit-0230-4,cust-0230,sp-pj,2026-04-02,follow_up,Synthetic follow up visit.
visit-0230-5,cust-0230,sp-pj,2025-11-15,no_interest,Synthetic no interest visit.
visit-0231-1,cust-0231,sp-pj,2025-10-25,closed,Synthetic closed visit.
visit-0231-2,cust-0231,sp-pj,2026-04-27,order,Synthetic order visit.
visit-0231-3,cust-0231,sp-pj,2025-09-27,order,Synthetic order visit.
visit-0231-4,cust-0231,sp-pj,2025-11-09,no_interest,Synthetic no interest visit.
visit-0231-5,cust-0231,sp-pj,2026-03-10,no_interest,Synthetic no interest visit.
visit-0232-1,cust-0232,sp-pj,2026-03-08,follow_up,Synthetic follow up visit.
visit-0233-1,cust-0233,sp-pj,2025-10-17,follow_up,Synthetic follow up visit.
visit-0233-2,cust-0233,sp-pj,2025-09-27,order,Synthetic order visit.
visit-0233-3,cust-0233,sp-pj,2025-12-25,follow_up,Synthetic follow up visit.
visit-0233-4,cust-0233,sp-pj,2026-03-08,no_interest,Synthetic no interest visit.
visit-0234-1,cust-0234,sp-pj,2026-02-09,order,Synthetic order visit.
visit-0234-2,cust-0234,sp-pj,2025-10-13,order,Synthetic order visit.
visit-0234-3,cust-0234,sp-pj,2026-04-22,closed,Synthetic closed visit.
visit-0234-4,cust-0234,sp-pj,2026-01-12,follow_up,Synthetic follow up visit.
visit-0235-1,cust-0235,sp-pj,2025-12-05,closed,Synthetic closed visit.
visit-0235-2,cust-0235,sp-pj,2025-11-10,order,Synthetic order visit.
visit-0236-1,cust-0236,sp-pj,2025-09-21,order,Synthetic order visit.
visit-0237-1,cust-0237,sp-pj,2026-03-29,order,Synthetic order visit.
visit-0238-1,cust-0238,sp-pj,2026-03-30,order,Synthetic order visit.
visit-0239-1,cust-0239,sp-pj,2026-03-02,order,Synthetic order visit.
visit-0239-2,cust-0239,sp-pj,2026-04-12,order,Synthetic order visit.
visit-0239-3,cust-0239,sp-pj,2025-10-30,follow_up,Synthetic follow up visit.
visit-0239-4,cust-0239,sp-pj,2026-01-01,no_interest,Synthetic no interest visit.
visit-0240-1,cust-0240,sp-pj,2025-10-28,closed,Synthetic closed visit.
visit-0240-2,cust-0240,sp-pj,2025-12-02,follow_up,Synthetic follow up visit.
visit-0240-3,cust-0240,sp-pj,2025-10-30,closed,Synthetic closed visit.
visit-0241-1,cust-0241,sp-shah-alam,2026-01-28,closed,Synthetic closed visit.
visit-0241-2,cust-0241,sp-shah-alam,2025-12-23,follow_up,Synthetic follow up visit.
visit-0241-3,cust-0241,sp-shah-alam,2025-10-13,follow_up,Synthetic follow up visit.
visit-0242-1,cust-0242,sp-shah-alam,2025-10-24,closed,Synthetic closed visit.
visit-0242-2,cust-0242,sp-shah-alam,2026-01-17,follow_up,Synthetic follow up visit.
visit-0243-1,cust-0243,sp-shah-alam,2026-01-23,follow_up,Synthetic follow up visit.
visit-0243-2,cust-0243,sp-shah-alam,2026-01-04,follow_up,Synthetic follow up visit.
visit-0243-3,cust-0243,sp-shah-alam,2025-11-30,order,Synthetic order visit.
visit-0243-4,cust-0243,sp-shah-alam,2026-04-22,follow_up,Synthetic follow up visit.
visit-0243-5,cust-0243,sp-shah-alam,2025-11-24,follow_up,Synthetic follow up visit.
visit-0244-1,cust-0244,sp-shah-alam,2025-09-14,order,Synthetic order visit.
visit-0244-2,cust-0244,sp-shah-alam,2025-12-01,no_interest,Synthetic no interest visit.
visit-0245-1,cust-0245,sp-shah-alam,2026-04-09,follow_up,Synthetic follow up visit.
visit-0245-2,cust-0245,sp-shah-alam,2026-03-23,follow_up,Synthetic follow up visit.
visit-0245-3,cust-0245,sp-shah-alam,2026-03-01,order,Synthetic order visit.
visit-0245-4,cust-0245,sp-shah-alam,2026-03-26,no_interest,Synthetic no interest visit.
visit-0246-1,cust-0246,sp-shah-alam,2025-09-25,follow_up,Synthetic follow up visit.
visit-0246-2,cust-0246,sp-shah-alam,2025-12-15,follow_up,Synthetic follow up visit.
visit-0247-1,cust-0247,sp-shah-alam,2026-04-26,no_interest,Synthetic no interest visit.
visit-0248-1,cust-0248,sp-shah-alam,2025-10-31,follow_up,Synthetic follow up visit.
visit-0248-2,cust-0248,sp-shah-alam,2025-12-16,order,Synthetic order visit.
visit-0248-3,cust-0248,sp-shah-alam,2026-01-24,order,Synthetic order visit.
visit-0248-4,cust-0248,sp-shah-alam,2026-04-26,order,Synthetic order visit.
visit-0248-5,cust-0248,sp-shah-alam,2025-12-25,no_interest,Synthetic no interest visit.
visit-0249-1,cust-0249,sp-shah-alam,2025-11-04,closed,Synthetic closed visit.
visit-0249-2,cust-0249,sp-shah-alam,2026-01-05,follow_up,Synthetic follow up visit.
visit-0249-3,cust-0249,sp-shah-alam,2026-03-22,closed,Synthetic closed visit.
visit-0250-1,cust-0250,sp-shah-alam,2026-04-17,order,Synthetic order visit.
visit-0250-2,cust-0250,sp-shah-alam,2026-04-18,order,Synthetic order visit.
visit-0251-1,cust-0251,sp-shah-alam,2026-03-13,order,Synthetic order visit.
visit-0251-2,cust-0251,sp-shah-alam,2025-11-09,closed,Synthetic closed visit.
visit-0251-3,cust-0251,sp-shah-alam,2026-04-04,order,Synthetic order visit.
visit-0251-4,cust-0251,sp-shah-alam,2025-12-01,follow_up,Synthetic follow up visit.
visit-0252-1,cust-0252,sp-shah-alam,2026-01-11,order,Synthetic order visit.
visit-0252-2,cust-0252,sp-shah-alam,2026-01-20,order,Synthetic order visit.
visit-0252-3,cust-0252,sp-shah-alam,2026-03-27,closed,Synthetic closed visit.
visit-0252-4,cust-0252,sp-shah-alam,2026-01-16,follow_up,Synthetic follow up visit.
visit-0253-1,cust-0253,sp-shah-alam,2025-09-20,order,Synthetic order visit.
visit-0254-1,cust-0254,sp-shah-alam,2025-12-08,follow_up,Synthetic follow up visit.
visit-0255-1,cust-0255,sp-shah-alam,2026-02-28,follow_up,Synthetic follow up visit.
visit-0255-2,cust-0255,sp-shah-alam,2026-01-05,follow_up,Synthetic follow up visit.
visit-0255-3,cust-0255,sp-shah-alam,2026-01-03,order,Synthetic order visit.
visit-0255-4,cust-0255,sp-shah-alam,2026-01-08,closed,Synthetic closed visit.
visit-0256-1,cust-0256,sp-shah-alam,2025-11-02,follow_up,Synthetic follow up visit.
visit-0257-1,cust-0257,sp-shah-alam,2026-02-24,no_interest,Synthetic no interest visit.
visit-0257-2,cust-0257,sp-shah-alam,2026-03-30,order,Synthetic order visit.
visit-0257-3,cust-0257,sp-shah-alam,2026-04-20,no_interest,Synthetic no interest visit.
visit-0258-1,cust-0258,sp-shah-alam,2026-02-28,order,Synthetic order visit.
visit-0258-2,cust-0258,sp-shah-alam,2026-01-13,no_interest,Synthetic no interest visit.
visit-0258-3,cust-0258,sp-shah-alam,2026-03-26,no_interest,Synthetic no interest visit.
visit-0258-4,cust-0258,sp-shah-alam,2026-04-05,no_interest,Synthetic no interest visit.
visit-0258-5,cust-0258,sp-shah-alam,2025-11-09,order,Synthetic order visit.
visit-0259-1,cust-0259,sp-shah-alam,2026-01-24,follow_up,Synthetic follow up visit.
visit-0260-1,cust-0260,sp-shah-alam,2026-03-21,order,Synthetic order visit.
visit-0260-2,cust-0260,sp-shah-alam,2026-02-03,follow_up,Synthetic follow up visit.
visit-0261-1,cust-0261,sp-shah-alam,2025-09-12,order,Synthetic order visit.
visit-0261-2,cust-0261,sp-shah-alam,2026-01-13,order,Synthetic order visit.
visit-0261-3,cust-0261,sp-shah-alam,2026-02-24,order,Synthetic order visit.
visit-0261-4,cust-0261,sp-shah-alam,2026-03-24,follow_up,Synthetic follow up visit.
visit-0261-5,cust-0261,sp-shah-alam,2025-10-12,no_interest,Synthetic no interest visit.
visit-0262-1,cust-0262,sp-shah-alam,2026-01-20,follow_up,Synthetic follow up visit.
visit-0262-2,cust-0262,sp-shah-alam,2026-03-14,no_interest,Synthetic no interest visit.
visit-0263-1,cust-0263,sp-shah-alam,2026-03-04,no_interest,Synthetic no interest visit.
visit-0264-1,cust-0264,sp-shah-alam,2025-11-23,order,Synthetic order visit.
visit-0265-1,cust-0265,sp-shah-alam,2025-11-22,no_interest,Synthetic no interest visit.
visit-0266-1,cust-0266,sp-shah-alam,2025-11-05,order,Synthetic order visit.
visit-0266-2,cust-0266,sp-shah-alam,2026-04-07,order,Synthetic order visit.
visit-0266-3,cust-0266,sp-shah-alam,2025-12-04,order,Synthetic order visit.
visit-0266-4,cust-0266,sp-shah-alam,2026-03-26,order,Synthetic order visit.
visit-0267-1,cust-0267,sp-shah-alam,2026-02-10,follow_up,Synthetic follow up visit.
visit-0268-1,cust-0268,sp-shah-alam,2026-01-03,order,Synthetic order visit.
visit-0269-1,cust-0269,sp-shah-alam,2025-11-13,order,Synthetic order visit.
visit-0269-2,cust-0269,sp-shah-alam,2026-02-13,order,Synthetic order visit.
visit-0270-1,cust-0270,sp-shah-alam,2026-03-27,closed,Synthetic closed visit.
visit-0270-2,cust-0270,sp-shah-alam,2025-12-27,order,Synthetic order visit.
visit-0270-3,cust-0270,sp-shah-alam,2026-02-03,follow_up,Synthetic follow up visit.
visit-0270-4,cust-0270,sp-shah-alam,2025-11-04,follow_up,Synthetic follow up visit.
visit-0271-1,cust-0271,sp-shah-alam,2026-01-05,order,Synthetic order visit.
visit-0272-1,cust-0272,sp-shah-alam,2025-11-24,follow_up,Synthetic follow up visit.
visit-0272-2,cust-0272,sp-shah-alam,2026-01-19,no_interest,Synthetic no interest visit.
visit-0272-3,cust-0272,sp-shah-alam,2026-02-19,order,Synthetic order visit.
visit-0273-1,cust-0273,sp-shah-alam,2026-04-16,closed,Synthetic closed visit.
visit-0274-1,cust-0274,sp-shah-alam,2025-10-30,order,Synthetic order visit.
visit-0274-2,cust-0274,sp-shah-alam,2025-11-29,closed,Synthetic closed visit.
visit-0274-3,cust-0274,sp-shah-alam,2025-12-05,follow_up,Synthetic follow up visit.
visit-0275-1,cust-0275,sp-shah-alam,2025-12-04,no_interest,Synthetic no interest visit.
visit-0276-1,cust-0276,sp-shah-alam,2025-10-13,follow_up,Synthetic follow up visit.
visit-0277-1,cust-0277,sp-shah-alam,2026-04-29,follow_up,Synthetic follow up visit.
visit-0277-2,cust-0277,sp-shah-alam,2025-11-17,no_interest,Synthetic no interest visit.
visit-0277-3,cust-0277,sp-shah-alam,2026-01-19,follow_up,Synthetic follow up visit.
visit-0277-4,cust-0277,sp-shah-alam,2026-04-16,no_interest,Synthetic no interest visit.
visit-0278-1,cust-0278,sp-shah-alam,2025-10-09,no_interest,Synthetic no interest visit.
visit-0278-2,cust-0278,sp-shah-alam,2026-02-20,no_interest,Synthetic no interest visit.
visit-0278-3,cust-0278,sp-shah-alam,2025-11-25,follow_up,Synthetic follow up visit.
visit-0279-1,cust-0279,sp-shah-alam,2025-12-30,no_interest,Synthetic no interest visit.
visit-0279-2,cust-0279,sp-shah-alam,2026-03-14,order,Synthetic order visit.
visit-0279-3,cust-0279,sp-shah-alam,2025-10-08,order,Synthetic order visit.
visit-0280-1,cust-0280,sp-shah-alam,2025-11-16,order,Synthetic order visit.
visit-0281-1,cust-0281,sp-shah-alam,2026-02-04,order,Synthetic order visit.
visit-0281-2,cust-0281,sp-shah-alam,2026-01-20,follow_up,Synthetic follow up visit.
visit-0282-1,cust-0282,sp-shah-alam,2026-02-03,order,Synthetic order visit.
visit-0282-2,cust-0282,sp-shah-alam,2025-10-11,order,Synthetic order visit.
visit-0282-3,cust-0282,sp-shah-alam,2026-03-15,order,Synthetic order visit.
visit-0282-4,cust-0282,sp-shah-alam,2025-09-27,follow_up,Synthetic follow up visit.
visit-0282-5,cust-0282,sp-shah-alam,2025-10-21,closed,Synthetic closed visit.
visit-0283-1,cust-0283,sp-shah-alam,2026-04-25,follow_up,Synthetic follow up visit.
visit-0283-2,cust-0283,sp-shah-alam,2026-04-05,closed,Synthetic closed visit.
visit-0283-3,cust-0283,sp-shah-alam,2026-04-14,closed,Synthetic closed visit.
visit-0283-4,cust-0283,sp-shah-alam,2026-01-11,order,Synthetic order visit.
visit-0284-1,cust-0284,sp-shah-alam,2026-04-24,no_interest,Synthetic no interest visit.
visit-0284-2,cust-0284,sp-shah-alam,2026-02-15,order,Synthetic order visit.
visit-0284-3,cust-0284,sp-shah-alam,2025-12-18,follow_up,Synthetic follow up visit.
visit-0285-1,cust-0285,sp-shah-alam,2025-11-24,order,Synthetic order visit.
visit-0285-2,cust-0285,sp-shah-alam,2026-01-23,follow_up,Synthetic follow up visit.
visit-0285-3,cust-0285,sp-shah-alam,2026-04-24,order,Synthetic order visit.
visit-0285-4,cust-0285,sp-shah-alam,2026-03-21,order,Synthetic order visit.
visit-0286-1,cust-0286,sp-shah-alam,2026-03-11,follow_up,Synthetic follow up visit.
visit-0286-2,cust-0286,sp-shah-alam,2026-04-21,closed,Synthetic closed visit.
visit-0286-3,cust-0286,sp-shah-alam,2026-01-03,follow_up,Synthetic follow up visit.
visit-0286-4,cust-0286,sp-shah-alam,2026-02-24,order,Synthetic order visit.
visit-0287-1,cust-0287,sp-shah-alam,2025-09-23,follow_up,Synthetic follow up visit.
visit-0288-1,cust-0288,sp-shah-alam,2026-02-27,follow_up,Synthetic follow up visit.
visit-0289-1,cust-0289,sp-shah-alam,2025-11-23,follow_up,Synthetic follow up visit.
visit-0290-1,cust-0290,sp-shah-alam,2025-10-16,order,Synthetic order visit.
visit-0290-2,cust-0290,sp-shah-alam,2026-02-11,order,Synthetic order visit.
visit-0290-3,cust-0290,sp-shah-alam,2025-10-21,order,Synthetic order visit.
visit-0291-1,cust-0291,sp-shah-alam,2025-11-03,order,Synthetic order visit.
visit-0291-2,cust-0291,sp-shah-alam,2025-11-24,order,Synthetic order visit.
visit-0291-3,cust-0291,sp-shah-alam,2026-01-23,order,Synthetic order visit.
visit-0291-4,cust-0291,sp-shah-alam,2026-03-05,order,Synthetic order visit.
visit-0291-5,cust-0291,sp-shah-alam,2025-12-13,no_interest,Synthetic no interest visit.
visit-0292-1,cust-0292,sp-shah-alam,2025-09-23,order,Synthetic order visit.
visit-0292-2,cust-0292,sp-shah-alam,2026-03-21,follow_up,Synthetic follow up visit.
visit-0292-3,cust-0292,sp-shah-alam,2026-01-02,no_interest,Synthetic no interest visit.
visit-0292-4,cust-0292,sp-shah-alam,2026-04-04,order,Synthetic order visit.
visit-0292-5,cust-0292,sp-shah-alam,2025-09-16,follow_up,Synthetic follow up visit.
visit-0293-1,cust-0293,sp-shah-alam,2026-02-18,follow_up,Synthetic follow up visit.
visit-0294-1,cust-0294,sp-shah-alam,2025-12-31,order,Synthetic order visit.
visit-0295-1,cust-0295,sp-shah-alam,2025-11-05,no_interest,Synthetic no interest visit.
visit-0296-1,cust-0296,sp-shah-alam,2026-02-10,follow_up,Synthetic follow up visit.
visit-0296-2,cust-0296,sp-shah-alam,2025-11-24,no_interest,Synthetic no interest visit.
visit-0296-3,cust-0296,sp-shah-alam,2025-10-17,order,Synthetic order visit.
visit-0296-4,cust-0296,sp-shah-alam,2025-11-06,order,Synthetic order visit.
visit-0297-1,cust-0297,sp-shah-alam,2026-04-13,follow_up,Synthetic follow up visit.
visit-0297-2,cust-0297,sp-shah-alam,2026-04-28,follow_up,Synthetic follow up visit.
visit-0298-1,cust-0298,sp-shah-alam,2025-09-22,follow_up,Synthetic follow up visit.
visit-0298-2,cust-0298,sp-shah-alam,2025-12-27,follow_up,Synthetic follow up visit.
visit-0298-3,cust-0298,sp-shah-alam,2026-01-10,order,Synthetic order visit.
visit-0299-1,cust-0299,sp-shah-alam,2025-12-18,no_interest,Synthetic no interest visit.
visit-0300-1,cust-0300,sp-shah-alam,2025-12-18,follow_up,Synthetic follow up visit.
visit-0300-2,cust-0300,sp-shah-alam,2026-04-14,follow_up,Synthetic follow up visit.
visit-0300-3,cust-0300,sp-shah-alam,2025-12-01,no_interest,Synthetic no interest visit.
visit-0301-1,cust-0301,sp-shah-alam,2025-10-12,follow_up,Synthetic follow up visit.
visit-0301-2,cust-0301,sp-shah-alam,2026-03-16,order,Synthetic order visit.
visit-0302-1,cust-0302,sp-shah-alam,2026-03-29,order,Synthetic order visit.
visit-0303-1,cust-0303,sp-shah-alam,2025-11-26,no_interest,Synthetic no interest visit.
visit-0303-2,cust-0303,sp-shah-alam,2026-02-26,order,Synthetic order visit.
visit-0303-3,cust-0303,sp-shah-alam,2025-11-22,follow_up,Synthetic follow up visit.
visit-0304-1,cust-0304,sp-shah-alam,2026-04-13,follow_up,Synthetic follow up visit.
visit-0304-2,cust-0304,sp-shah-alam,2026-03-26,order,Synthetic order visit.
visit-0304-3,cust-0304,sp-shah-alam,2025-10-17,order,Synthetic order visit.
visit-0305-1,cust-0305,sp-shah-alam,2026-03-22,closed,Synthetic closed visit.
visit-0306-1,cust-0306,sp-shah-alam,2025-12-19,follow_up,Synthetic follow up visit.
visit-0306-2,cust-0306,sp-shah-alam,2026-03-30,no_interest,Synthetic no interest visit.
visit-0307-1,cust-0307,sp-shah-alam,2025-12-04,order,Synthetic order visit.
visit-0307-2,cust-0307,sp-shah-alam,2026-02-21,follow_up,Synthetic follow up visit.
visit-0307-3,cust-0307,sp-shah-alam,2026-01-16,order,Synthetic order visit.
visit-0307-4,cust-0307,sp-shah-alam,2025-12-07,no_interest,Synthetic no interest visit.
visit-0308-1,cust-0308,sp-shah-alam,2025-12-31,order,Synthetic order visit.
visit-0308-2,cust-0308,sp-shah-alam,2025-10-19,order,Synthetic order visit.
visit-0308-3,cust-0308,sp-shah-alam,2026-01-22,follow_up,Synthetic follow up visit.
visit-0308-4,cust-0308,sp-shah-alam,2026-04-06,order,Synthetic order visit.
visit-0308-5,cust-0308,sp-shah-alam,2026-01-01,closed,Synthetic closed visit.
visit-0309-1,cust-0309,sp-shah-alam,2026-02-21,no_interest,Synthetic no interest visit.
visit-0309-2,cust-0309,sp-shah-alam,2025-10-14,order,Synthetic order visit.
visit-0310-1,cust-0310,sp-shah-alam,2025-12-02,order,Synthetic order visit.
visit-0310-2,cust-0310,sp-shah-alam,2026-01-20,follow_up,Synthetic follow up visit.
visit-0311-1,cust-0311,sp-shah-alam,2026-01-23,order,Synthetic order visit.
visit-0311-2,cust-0311,sp-shah-alam,2025-10-05,closed,Synthetic closed visit.
visit-0312-1,cust-0312,sp-shah-alam,2025-11-15,follow_up,Synthetic follow up visit.
visit-0312-2,cust-0312,sp-shah-alam,2025-10-27,closed,Synthetic closed visit.
visit-0313-1,cust-0313,sp-shah-alam,2025-10-16,order,Synthetic order visit.
visit-0314-1,cust-0314,sp-shah-alam,2026-02-04,no_interest,Synthetic no interest visit.
visit-0314-2,cust-0314,sp-shah-alam,2025-10-21,order,Synthetic order visit.
visit-0315-1,cust-0315,sp-shah-alam,2025-10-01,follow_up,Synthetic follow up visit.
visit-0316-1,cust-0316,sp-shah-alam,2025-11-25,follow_up,Synthetic follow up visit.
visit-0317-1,cust-0317,sp-shah-alam,2026-04-25,no_interest,Synthetic no interest visit.
visit-0318-1,cust-0318,sp-shah-alam,2025-09-21,closed,Synthetic closed visit.
visit-0319-1,cust-0319,sp-shah-alam,2026-04-11,order,Synthetic order visit.
visit-0319-2,cust-0319,sp-shah-alam,2026-04-05,follow_up,Synthetic follow up visit.
visit-0320-1,cust-0320,sp-shah-alam,2025-11-13,follow_up,Synthetic follow up visit.
visit-0321-1,cust-0321,sp-cheras,2025-09-28,follow_up,Synthetic follow up visit.
visit-0321-2,cust-0321,sp-cheras,2026-01-16,closed,Synthetic closed visit.
visit-0322-1,cust-0322,sp-cheras,2025-12-06,closed,Synthetic closed visit.
visit-0322-2,cust-0322,sp-cheras,2025-12-08,no_interest,Synthetic no interest visit.
visit-0323-1,cust-0323,sp-cheras,2025-10-03,no_interest,Synthetic no interest visit.
visit-0323-2,cust-0323,sp-cheras,2026-04-09,order,Synthetic order visit.
visit-0323-3,cust-0323,sp-cheras,2025-09-17,order,Synthetic order visit.
visit-0324-1,cust-0324,sp-cheras,2026-03-13,order,Synthetic order visit.
visit-0324-2,cust-0324,sp-cheras,2026-03-09,follow_up,Synthetic follow up visit.
visit-0324-3,cust-0324,sp-cheras,2026-04-19,order,Synthetic order visit.
visit-0325-1,cust-0325,sp-cheras,2025-11-13,order,Synthetic order visit.
visit-0325-2,cust-0325,sp-cheras,2026-04-08,order,Synthetic order visit.
visit-0325-3,cust-0325,sp-cheras,2025-11-12,follow_up,Synthetic follow up visit.
visit-0325-4,cust-0325,sp-cheras,2025-12-03,follow_up,Synthetic follow up visit.
visit-0325-5,cust-0325,sp-cheras,2026-03-19,order,Synthetic order visit.
visit-0326-1,cust-0326,sp-cheras,2025-09-20,order,Synthetic order visit.
visit-0326-2,cust-0326,sp-cheras,2026-01-17,no_interest,Synthetic no interest visit.
visit-0326-3,cust-0326,sp-cheras,2026-03-03,no_interest,Synthetic no interest visit.
visit-0327-1,cust-0327,sp-cheras,2025-09-14,order,Synthetic order visit.
visit-0328-1,cust-0328,sp-cheras,2026-02-14,order,Synthetic order visit.
visit-0328-2,cust-0328,sp-cheras,2026-03-05,follow_up,Synthetic follow up visit.
visit-0328-3,cust-0328,sp-cheras,2025-12-12,order,Synthetic order visit.
visit-0328-4,cust-0328,sp-cheras,2025-11-05,closed,Synthetic closed visit.
visit-0328-5,cust-0328,sp-cheras,2026-02-09,order,Synthetic order visit.
visit-0329-1,cust-0329,sp-cheras,2025-10-18,no_interest,Synthetic no interest visit.
visit-0329-2,cust-0329,sp-cheras,2025-11-22,order,Synthetic order visit.
visit-0329-3,cust-0329,sp-cheras,2026-03-15,follow_up,Synthetic follow up visit.
visit-0329-4,cust-0329,sp-cheras,2025-12-27,no_interest,Synthetic no interest visit.
visit-0330-1,cust-0330,sp-cheras,2026-03-14,order,Synthetic order visit.
visit-0330-2,cust-0330,sp-cheras,2026-04-29,order,Synthetic order visit.
visit-0330-3,cust-0330,sp-cheras,2025-12-06,no_interest,Synthetic no interest visit.
visit-0330-4,cust-0330,sp-cheras,2026-02-24,follow_up,Synthetic follow up visit.
visit-0330-5,cust-0330,sp-cheras,2026-03-16,order,Synthetic order visit.
visit-0331-1,cust-0331,sp-cheras,2026-02-23,follow_up,Synthetic follow up visit.
visit-0331-2,cust-0331,sp-cheras,2025-09-15,follow_up,Synthetic follow up visit.
visit-0332-1,cust-0332,sp-cheras,2026-03-11,no_interest,Synthetic no interest visit.
visit-0332-2,cust-0332,sp-cheras,2026-04-03,follow_up,Synthetic follow up visit.
visit-0332-3,cust-0332,sp-cheras,2025-10-08,no_interest,Synthetic no interest visit.
visit-0332-4,cust-0332,sp-cheras,2025-11-17,order,Synthetic order visit.
visit-0332-5,cust-0332,sp-cheras,2026-02-13,order,Synthetic order visit.
visit-0333-1,cust-0333,sp-cheras,2026-04-20,order,Synthetic order visit.
visit-0333-2,cust-0333,sp-cheras,2025-11-27,order,Synthetic order visit.
visit-0333-3,cust-0333,sp-cheras,2025-12-07,no_interest,Synthetic no interest visit.
visit-0333-4,cust-0333,sp-cheras,2025-12-13,order,Synthetic order visit.
visit-0334-1,cust-0334,sp-cheras,2025-12-17,no_interest,Synthetic no interest visit.
visit-0334-2,cust-0334,sp-cheras,2026-02-05,order,Synthetic order visit.
visit-0334-3,cust-0334,sp-cheras,2026-03-18,order,Synthetic order visit.
visit-0334-4,cust-0334,sp-cheras,2025-10-31,order,Synthetic order visit.
visit-0335-1,cust-0335,sp-cheras,2025-12-04,order,Synthetic order visit.
visit-0335-2,cust-0335,sp-cheras,2025-11-08,follow_up,Synthetic follow up visit.
visit-0336-1,cust-0336,sp-cheras,2025-11-01,order,Synthetic order visit.
visit-0336-2,cust-0336,sp-cheras,2026-04-27,order,Synthetic order visit.
visit-0336-3,cust-0336,sp-cheras,2025-10-19,order,Synthetic order visit.
visit-0336-4,cust-0336,sp-cheras,2026-02-27,order,Synthetic order visit.
visit-0336-5,cust-0336,sp-cheras,2025-12-12,no_interest,Synthetic no interest visit.
visit-0337-1,cust-0337,sp-cheras,2025-10-14,closed,Synthetic closed visit.
visit-0337-2,cust-0337,sp-cheras,2025-10-14,follow_up,Synthetic follow up visit.
visit-0338-1,cust-0338,sp-cheras,2025-11-23,no_interest,Synthetic no interest visit.
visit-0338-2,cust-0338,sp-cheras,2025-09-18,order,Synthetic order visit.
visit-0339-1,cust-0339,sp-cheras,2025-09-22,follow_up,Synthetic follow up visit.
visit-0339-2,cust-0339,sp-cheras,2025-09-11,follow_up,Synthetic follow up visit.
visit-0339-3,cust-0339,sp-cheras,2025-12-27,no_interest,Synthetic no interest visit.
visit-0339-4,cust-0339,sp-cheras,2026-01-21,order,Synthetic order visit.
visit-0339-5,cust-0339,sp-cheras,2026-04-08,closed,Synthetic closed visit.
visit-0340-1,cust-0340,sp-cheras,2025-12-27,follow_up,Synthetic follow up visit.
visit-0341-1,cust-0341,sp-cheras,2026-03-08,follow_up,Synthetic follow up visit.
visit-0341-2,cust-0341,sp-cheras,2026-02-26,no_interest,Synthetic no interest visit.
visit-0341-3,cust-0341,sp-cheras,2026-01-01,order,Synthetic order visit.
visit-0341-4,cust-0341,sp-cheras,2026-01-19,follow_up,Synthetic follow up visit.
visit-0342-1,cust-0342,sp-cheras,2026-02-17,order,Synthetic order visit.
visit-0342-2,cust-0342,sp-cheras,2026-02-16,order,Synthetic order visit.
visit-0342-3,cust-0342,sp-cheras,2025-12-31,closed,Synthetic closed visit.
visit-0342-4,cust-0342,sp-cheras,2026-04-23,closed,Synthetic closed visit.
visit-0342-5,cust-0342,sp-cheras,2025-12-25,order,Synthetic order visit.
visit-0343-1,cust-0343,sp-cheras,2026-04-07,follow_up,Synthetic follow up visit.
visit-0343-2,cust-0343,sp-cheras,2025-11-27,order,Synthetic order visit.
visit-0343-3,cust-0343,sp-cheras,2025-12-12,follow_up,Synthetic follow up visit.
visit-0343-4,cust-0343,sp-cheras,2025-12-18,order,Synthetic order visit.
visit-0344-1,cust-0344,sp-cheras,2026-01-31,follow_up,Synthetic follow up visit.
visit-0344-2,cust-0344,sp-cheras,2026-02-04,follow_up,Synthetic follow up visit.
visit-0344-3,cust-0344,sp-cheras,2025-09-15,order,Synthetic order visit.
visit-0344-4,cust-0344,sp-cheras,2025-09-29,order,Synthetic order visit.
visit-0344-5,cust-0344,sp-cheras,2026-01-29,order,Synthetic order visit.
visit-0345-1,cust-0345,sp-cheras,2026-03-31,order,Synthetic order visit.
visit-0345-2,cust-0345,sp-cheras,2026-04-10,follow_up,Synthetic follow up visit.
visit-0345-3,cust-0345,sp-cheras,2026-01-13,order,Synthetic order visit.
visit-0345-4,cust-0345,sp-cheras,2026-01-17,follow_up,Synthetic follow up visit.
visit-0346-1,cust-0346,sp-cheras,2026-02-19,order,Synthetic order visit.
visit-0346-2,cust-0346,sp-cheras,2026-03-05,no_interest,Synthetic no interest visit.
visit-0346-3,cust-0346,sp-cheras,2025-11-10,order,Synthetic order visit.
visit-0346-4,cust-0346,sp-cheras,2026-02-19,order,Synthetic order visit.
visit-0346-5,cust-0346,sp-cheras,2026-03-13,follow_up,Synthetic follow up visit.
visit-0347-1,cust-0347,sp-cheras,2025-11-24,order,Synthetic order visit.
visit-0347-2,cust-0347,sp-cheras,2026-02-27,order,Synthetic order visit.
visit-0347-3,cust-0347,sp-cheras,2026-02-28,follow_up,Synthetic follow up visit.
visit-0347-4,cust-0347,sp-cheras,2026-04-01,follow_up,Synthetic follow up visit.
visit-0348-1,cust-0348,sp-cheras,2025-09-23,order,Synthetic order visit.
visit-0348-2,cust-0348,sp-cheras,2026-04-12,order,Synthetic order visit.
visit-0348-3,cust-0348,sp-cheras,2025-10-06,follow_up,Synthetic follow up visit.
visit-0349-1,cust-0349,sp-cheras,2026-03-25,follow_up,Synthetic follow up visit.
visit-0350-1,cust-0350,sp-cheras,2026-01-24,follow_up,Synthetic follow up visit.
visit-0350-2,cust-0350,sp-cheras,2026-04-25,order,Synthetic order visit.
visit-0351-1,cust-0351,sp-cheras,2026-04-24,order,Synthetic order visit.
visit-0351-2,cust-0351,sp-cheras,2025-10-30,closed,Synthetic closed visit.
visit-0351-3,cust-0351,sp-cheras,2025-12-29,order,Synthetic order visit.
visit-0351-4,cust-0351,sp-cheras,2025-11-06,order,Synthetic order visit.
visit-0351-5,cust-0351,sp-cheras,2026-01-12,order,Synthetic order visit.
visit-0352-1,cust-0352,sp-cheras,2025-10-13,follow_up,Synthetic follow up visit.
visit-0352-2,cust-0352,sp-cheras,2025-12-17,follow_up,Synthetic follow up visit.
visit-0352-3,cust-0352,sp-cheras,2025-09-20,follow_up,Synthetic follow up visit.
visit-0352-4,cust-0352,sp-cheras,2025-10-04,order,Synthetic order visit.
visit-0352-5,cust-0352,sp-cheras,2026-03-20,order,Synthetic order visit.
visit-0353-1,cust-0353,sp-cheras,2025-11-14,closed,Synthetic closed visit.
visit-0353-2,cust-0353,sp-cheras,2026-01-23,follow_up,Synthetic follow up visit.
visit-0353-3,cust-0353,sp-cheras,2025-09-26,order,Synthetic order visit.
visit-0353-4,cust-0353,sp-cheras,2026-03-01,no_interest,Synthetic no interest visit.
visit-0354-1,cust-0354,sp-cheras,2025-10-21,order,Synthetic order visit.
visit-0354-2,cust-0354,sp-cheras,2025-09-27,order,Synthetic order visit.
visit-0354-3,cust-0354,sp-cheras,2026-03-15,follow_up,Synthetic follow up visit.
visit-0354-4,cust-0354,sp-cheras,2026-03-04,closed,Synthetic closed visit.
visit-0354-5,cust-0354,sp-cheras,2026-03-26,follow_up,Synthetic follow up visit.
visit-0355-1,cust-0355,sp-cheras,2026-02-04,closed,Synthetic closed visit.
visit-0355-2,cust-0355,sp-cheras,2026-02-17,order,Synthetic order visit.
visit-0355-3,cust-0355,sp-cheras,2025-10-17,follow_up,Synthetic follow up visit.
visit-0355-4,cust-0355,sp-cheras,2026-02-26,follow_up,Synthetic follow up visit.
visit-0356-1,cust-0356,sp-cheras,2026-01-13,no_interest,Synthetic no interest visit.
visit-0356-2,cust-0356,sp-cheras,2025-11-10,order,Synthetic order visit.
visit-0356-3,cust-0356,sp-cheras,2025-10-18,closed,Synthetic closed visit.
visit-0356-4,cust-0356,sp-cheras,2025-10-16,follow_up,Synthetic follow up visit.
visit-0357-1,cust-0357,sp-cheras,2026-02-15,closed,Synthetic closed visit.
visit-0358-1,cust-0358,sp-cheras,2025-11-04,follow_up,Synthetic follow up visit.
visit-0358-2,cust-0358,sp-cheras,2026-01-24,no_interest,Synthetic no interest visit.
visit-0358-3,cust-0358,sp-cheras,2026-03-05,no_interest,Synthetic no interest visit.
visit-0358-4,cust-0358,sp-cheras,2026-03-06,no_interest,Synthetic no interest visit.
visit-0359-1,cust-0359,sp-cheras,2026-01-24,follow_up,Synthetic follow up visit.
visit-0359-2,cust-0359,sp-cheras,2025-10-21,order,Synthetic order visit.
visit-0359-3,cust-0359,sp-cheras,2026-03-17,follow_up,Synthetic follow up visit.
visit-0359-4,cust-0359,sp-cheras,2026-01-28,follow_up,Synthetic follow up visit.
visit-0359-5,cust-0359,sp-cheras,2026-01-16,follow_up,Synthetic follow up visit.
visit-0360-1,cust-0360,sp-cheras,2025-12-24,order,Synthetic order visit.
visit-0360-2,cust-0360,sp-cheras,2025-12-31,follow_up,Synthetic follow up visit.
visit-0360-3,cust-0360,sp-cheras,2026-01-30,follow_up,Synthetic follow up visit.
visit-0361-1,cust-0361,sp-cheras,2025-09-11,closed,Synthetic closed visit.
visit-0361-2,cust-0361,sp-cheras,2026-03-18,closed,Synthetic closed visit.
visit-0362-1,cust-0362,sp-cheras,2025-11-16,no_interest,Synthetic no interest visit.
visit-0362-2,cust-0362,sp-cheras,2025-12-07,order,Synthetic order visit.
visit-0362-3,cust-0362,sp-cheras,2026-03-15,order,Synthetic order visit.
visit-0363-1,cust-0363,sp-cheras,2026-03-05,order,Synthetic order visit.
visit-0363-2,cust-0363,sp-cheras,2025-12-29,order,Synthetic order visit.
visit-0364-1,cust-0364,sp-cheras,2026-04-01,order,Synthetic order visit.
visit-0364-2,cust-0364,sp-cheras,2026-01-31,follow_up,Synthetic follow up visit.
visit-0364-3,cust-0364,sp-cheras,2025-11-01,order,Synthetic order visit.
visit-0364-4,cust-0364,sp-cheras,2026-03-17,follow_up,Synthetic follow up visit.
visit-0364-5,cust-0364,sp-cheras,2026-02-02,follow_up,Synthetic follow up visit.
visit-0365-1,cust-0365,sp-cheras,2025-10-13,order,Synthetic order visit.
visit-0365-2,cust-0365,sp-cheras,2025-10-14,follow_up,Synthetic follow up visit.
visit-0365-3,cust-0365,sp-cheras,2025-11-12,no_interest,Synthetic no interest visit.
visit-0365-4,cust-0365,sp-cheras,2025-11-19,no_interest,Synthetic no interest visit.
visit-0365-5,cust-0365,sp-cheras,2025-10-29,no_interest,Synthetic no interest visit.
visit-0366-1,cust-0366,sp-cheras,2025-11-24,follow_up,Synthetic follow up visit.
visit-0367-1,cust-0367,sp-cheras,2026-03-04,order,Synthetic order visit.
visit-0367-2,cust-0367,sp-cheras,2026-02-08,order,Synthetic order visit.
visit-0368-1,cust-0368,sp-cheras,2026-04-24,order,Synthetic order visit.
visit-0368-2,cust-0368,sp-cheras,2026-02-26,follow_up,Synthetic follow up visit.
visit-0369-1,cust-0369,sp-cheras,2025-12-17,no_interest,Synthetic no interest visit.
visit-0369-2,cust-0369,sp-cheras,2026-04-25,order,Synthetic order visit.
visit-0369-3,cust-0369,sp-cheras,2026-03-17,follow_up,Synthetic follow up visit.
visit-0369-4,cust-0369,sp-cheras,2026-02-18,no_interest,Synthetic no interest visit.
visit-0370-1,cust-0370,sp-cheras,2026-01-15,follow_up,Synthetic follow up visit.
visit-0371-1,cust-0371,sp-cheras,2026-04-08,follow_up,Synthetic follow up visit.
visit-0371-2,cust-0371,sp-cheras,2026-03-20,closed,Synthetic closed visit.
visit-0371-3,cust-0371,sp-cheras,2026-02-10,follow_up,Synthetic follow up visit.
visit-0372-1,cust-0372,sp-cheras,2025-10-10,no_interest,Synthetic no interest visit.
visit-0372-2,cust-0372,sp-cheras,2026-03-11,order,Synthetic order visit.
visit-0372-3,cust-0372,sp-cheras,2026-03-28,order,Synthetic order visit.
visit-0372-4,cust-0372,sp-cheras,2025-10-07,follow_up,Synthetic follow up visit.
visit-0372-5,cust-0372,sp-cheras,2026-01-28,no_interest,Synthetic no interest visit.
visit-0373-1,cust-0373,sp-cheras,2025-12-26,closed,Synthetic closed visit.
visit-0373-2,cust-0373,sp-cheras,2025-12-28,order,Synthetic order visit.
visit-0374-1,cust-0374,sp-cheras,2026-02-22,order,Synthetic order visit.
visit-0374-2,cust-0374,sp-cheras,2025-11-18,follow_up,Synthetic follow up visit.
visit-0374-3,cust-0374,sp-cheras,2025-12-03,follow_up,Synthetic follow up visit.
visit-0374-4,cust-0374,sp-cheras,2025-12-04,no_interest,Synthetic no interest visit.
visit-0374-5,cust-0374,sp-cheras,2026-04-10,closed,Synthetic closed visit.
visit-0375-1,cust-0375,sp-cheras,2025-12-04,follow_up,Synthetic follow up visit.
visit-0375-2,cust-0375,sp-cheras,2026-04-09,follow_up,Synthetic follow up visit.
visit-0375-3,cust-0375,sp-cheras,2026-03-03,follow_up,Synthetic follow up visit.
visit-0375-4,cust-0375,sp-cheras,2025-12-26,order,Synthetic order visit.
visit-0376-1,cust-0376,sp-cheras,2026-04-01,follow_up,Synthetic follow up visit.
visit-0376-2,cust-0376,sp-cheras,2025-09-11,order,Synthetic order visit.
visit-0376-3,cust-0376,sp-cheras,2026-02-25,order,Synthetic order visit.
visit-0376-4,cust-0376,sp-cheras,2025-10-28,follow_up,Synthetic follow up visit.
visit-0376-5,cust-0376,sp-cheras,2026-04-06,follow_up,Synthetic follow up visit.
visit-0377-1,cust-0377,sp-cheras,2026-03-12,order,Synthetic order visit.
visit-0377-2,cust-0377,sp-cheras,2026-04-25,closed,Synthetic closed visit.
visit-0377-3,cust-0377,sp-cheras,2026-02-03,closed,Synthetic closed visit.
visit-0377-4,cust-0377,sp-cheras,2026-01-12,follow_up,Synthetic follow up visit.
visit-0378-1,cust-0378,sp-cheras,2025-12-23,follow_up,Synthetic follow up visit.
visit-0378-2,cust-0378,sp-cheras,2025-12-31,no_interest,Synthetic no interest visit.
visit-0378-3,cust-0378,sp-cheras,2026-01-05,follow_up,Synthetic follow up visit.
visit-0378-4,cust-0378,sp-cheras,2025-11-30,follow_up,Synthetic follow up visit.
visit-0378-5,cust-0378,sp-cheras,2025-11-11,order,Synthetic order visit.
visit-0379-1,cust-0379,sp-cheras,2026-01-06,follow_up,Synthetic follow up visit.
visit-0379-2,cust-0379,sp-cheras,2025-10-01,order,Synthetic order visit.
visit-0379-3,cust-0379,sp-cheras,2025-10-06,order,Synthetic order visit.
visit-0380-1,cust-0380,sp-cheras,2026-03-14,closed,Synthetic closed visit.
visit-0380-2,cust-0380,sp-cheras,2025-09-12,no_interest,Synthetic no interest visit.
visit-0380-3,cust-0380,sp-cheras,2026-04-02,follow_up,Synthetic follow up visit.
visit-0380-4,cust-0380,sp-cheras,2025-11-14,order,Synthetic order visit.
visit-0380-5,cust-0380,sp-cheras,2026-03-17,follow_up,Synthetic follow up visit.
visit-0381-1,cust-0381,sp-cheras,2025-09-17,follow_up,Synthetic follow up visit.
visit-0381-2,cust-0381,sp-cheras,2025-12-06,closed,Synthetic closed visit.
visit-0381-3,cust-0381,sp-cheras,2025-10-30,follow_up,Synthetic follow up visit.
visit-0381-4,cust-0381,sp-cheras,2026-03-18,order,Synthetic order visit.
visit-0382-1,cust-0382,sp-cheras,2026-02-11,follow_up,Synthetic follow up visit.
visit-0382-2,cust-0382,sp-cheras,2026-01-03,follow_up,Synthetic follow up visit.
visit-0382-3,cust-0382,sp-cheras,2025-10-09,order,Synthetic order visit.
visit-0382-4,cust-0382,sp-cheras,2025-09-23,follow_up,Synthetic follow up visit.
visit-0382-5,cust-0382,sp-cheras,2025-11-27,closed,Synthetic closed visit.
visit-0383-1,cust-0383,sp-cheras,2025-12-17,order,Synthetic order visit.
visit-0383-2,cust-0383,sp-cheras,2026-02-02,order,Synthetic order visit.
visit-0383-3,cust-0383,sp-cheras,2025-11-17,order,Synthetic order visit.
visit-0383-4,cust-0383,sp-cheras,2026-03-04,follow_up,Synthetic follow up visit.
visit-0384-1,cust-0384,sp-cheras,2025-11-20,follow_up,Synthetic follow up visit.
visit-0384-2,cust-0384,sp-cheras,2026-02-28,order,Synthetic order visit.
visit-0385-1,cust-0385,sp-cheras,2026-04-18,follow_up,Synthetic follow up visit.
visit-0385-2,cust-0385,sp-cheras,2026-01-11,order,Synthetic order visit.
visit-0386-1,cust-0386,sp-cheras,2026-03-28,no_interest,Synthetic no interest visit.
visit-0386-2,cust-0386,sp-cheras,2026-02-06,follow_up,Synthetic follow up visit.
visit-0386-3,cust-0386,sp-cheras,2025-10-27,no_interest,Synthetic no interest visit.
visit-0387-1,cust-0387,sp-cheras,2025-12-06,order,Synthetic order visit.
visit-0388-1,cust-0388,sp-cheras,2025-10-23,order,Synthetic order visit.
visit-0388-2,cust-0388,sp-cheras,2025-09-22,closed,Synthetic closed visit.
visit-0389-1,cust-0389,sp-cheras,2025-12-08,follow_up,Synthetic follow up visit.
visit-0389-2,cust-0389,sp-cheras,2025-10-26,order,Synthetic order visit.
visit-0389-3,cust-0389,sp-cheras,2025-09-23,follow_up,Synthetic follow up visit.
visit-0389-4,cust-0389,sp-cheras,2025-12-22,closed,Synthetic closed visit.
visit-0390-1,cust-0390,sp-cheras,2026-04-08,follow_up,Synthetic follow up visit.
visit-0391-1,cust-0391,sp-cheras,2026-02-24,order,Synthetic order visit.
visit-0391-2,cust-0391,sp-cheras,2026-04-07,follow_up,Synthetic follow up visit.
visit-0391-3,cust-0391,sp-cheras,2025-12-13,closed,Synthetic closed visit.
visit-0391-4,cust-0391,sp-cheras,2025-11-03,follow_up,Synthetic follow up visit.
visit-0391-5,cust-0391,sp-cheras,2025-10-16,follow_up,Synthetic follow up visit.
visit-0392-1,cust-0392,sp-cheras,2025-09-28,follow_up,Synthetic follow up visit.
visit-0392-2,cust-0392,sp-cheras,2026-03-16,follow_up,Synthetic follow up visit.
visit-0392-3,cust-0392,sp-cheras,2025-11-20,order,Synthetic order visit.
visit-0392-4,cust-0392,sp-cheras,2025-12-16,order,Synthetic order visit.
visit-0392-5,cust-0392,sp-cheras,2026-01-23,order,Synthetic order visit.
visit-0393-1,cust-0393,sp-cheras,2025-10-06,no_interest,Synthetic no interest visit.
visit-0393-2,cust-0393,sp-cheras,2026-02-28,order,Synthetic order visit.
visit-0394-1,cust-0394,sp-cheras,2025-11-07,order,Synthetic order visit.
visit-0394-2,cust-0394,sp-cheras,2026-03-24,order,Synthetic order visit.
visit-0394-3,cust-0394,sp-cheras,2026-02-10,follow_up,Synthetic follow up visit.
visit-0394-4,cust-0394,sp-cheras,2026-04-14,order,Synthetic order visit.
visit-0395-1,cust-0395,sp-cheras,2025-11-03,order,Synthetic order visit.
visit-0395-2,cust-0395,sp-cheras,2026-04-04,order,Synthetic order visit.
visit-0396-1,cust-0396,sp-cheras,2026-01-07,follow_up,Synthetic follow up visit.
visit-0396-2,cust-0396,sp-cheras,2026-01-24,follow_up,Synthetic follow up visit.
visit-0396-3,cust-0396,sp-cheras,2026-03-16,follow_up,Synthetic follow up visit.
visit-0396-4,cust-0396,sp-cheras,2026-03-15,order,Synthetic order visit.
visit-0397-1,cust-0397,sp-cheras,2025-10-09,order,Synthetic order visit.
visit-0397-2,cust-0397,sp-cheras,2026-01-26,follow_up,Synthetic follow up visit.
visit-0397-3,cust-0397,sp-cheras,2025-12-07,follow_up,Synthetic follow up visit.
visit-0397-4,cust-0397,sp-cheras,2026-04-03,follow_up,Synthetic follow up visit.
visit-0397-5,cust-0397,sp-cheras,2026-03-12,follow_up,Synthetic follow up visit.
visit-0398-1,cust-0398,sp-cheras,2026-02-26,order,Synthetic order visit.
visit-0398-2,cust-0398,sp-cheras,2025-12-17,order,Synthetic order visit.
visit-0398-3,cust-0398,sp-cheras,2026-03-25,order,Synthetic order visit.
visit-0398-4,cust-0398,sp-cheras,2026-02-20,closed,Synthetic closed visit.
visit-0399-1,cust-0399,sp-cheras,2026-03-08,order,Synthetic order visit.
visit-0399-2,cust-0399,sp-cheras,2025-11-17,follow_up,Synthetic follow up visit.
visit-0399-3,cust-0399,sp-cheras,2026-02-05,follow_up,Synthetic follow up visit.
visit-0400-1,cust-0400,sp-cheras,2025-11-02,closed,Synthetic closed visit.
